# Two Dipoles. Viscous opposite moments. $\\Reyn=0.5$, $x(0)=3$
# Commit: 2026-06-04-2-g5a5da60-dirty
# KinematicViscosity: 2
# TauMode: ConstPi32 τ = 1/π^(3/2)
# Date: 2026-06-10 04:21:57
time,d1_rx,d1_mx,d2_rx,d2_mx,sum_zeta_square
0.000000,0.000000,1.000000,3.000000,-1.000000,2.000000
0.100000,0.011352,1.000559,2.988648,-1.000559,2.002235
0.200000,0.022692,1.001131,2.977308,-1.001131,2.004525
0.300000,0.034021,1.001716,2.965979,-1.001716,2.006871
0.400000,0.045336,1.002315,2.954664,-1.002315,2.009270
0.500000,0.056638,1.002927,2.943362,-1.002927,2.011725
0.600000,0.067926,1.003552,2.932074,-1.003552,2.014232
0.700000,0.079198,1.004189,2.920802,-1.004189,2.016792
0.800000,0.090453,1.004839,2.909547,-1.004839,2.019402
0.900000,0.101690,1.005500,2.898310,-1.005500,2.022060
1.000000,0.112908,1.006172,2.887092,-1.006172,2.024764
1.100000,0.124104,1.006854,2.875896,-1.006854,2.027510
1.200000,0.135278,1.007545,2.864722,-1.007545,2.030295
1.300000,0.146428,1.008244,2.853572,-1.008244,2.033113
1.400000,0.157552,1.008950,2.842448,-1.008950,2.035960
1.500000,0.168647,1.009660,2.831353,-1.009660,2.038828
1.600000,0.179712,1.010374,2.820288,-1.010374,2.041711
1.700000,0.190744,1.011089,2.809256,-1.011089,2.044600
1.800000,0.201741,1.011802,2.798259,-1.011802,2.047486
1.900000,0.212699,1.012511,2.787301,-1.012511,2.050357
2.000000,0.223617,1.013213,2.776383,-1.013213,2.053201
2.100000,0.234490,1.013905,2.765510,-1.013905,2.056005
2.200000,0.245315,1.014582,2.754685,-1.014582,2.058753
2.300000,0.256089,1.015241,2.743911,-1.015241,2.061429
2.400000,0.266807,1.015877,2.733193,-1.015877,2.064013
2.500000,0.277466,1.016485,2.722534,-1.016485,2.066485
2.600000,0.288062,1.017060,2.711938,-1.017060,2.068823
2.700000,0.298589,1.017596,2.701411,-1.017596,2.071003
2.800000,0.309043,1.018086,2.690957,-1.018086,2.072997
2.900000,0.319420,1.018523,2.680580,-1.018523,2.074777
3.000000,0.329712,1.018900,2.670288,-1.018900,2.076314
3.100000,0.339916,1.019209,2.660084,-1.019209,2.077573
3.200000,0.350025,1.019441,2.649975,-1.019441,2.078520
3.300000,0.360034,1.019588,2.639966,-1.019588,2.079120
3.400000,0.369936,1.019640,2.630064,-1.019640,2.079332
3.500000,0.379725,1.019588,2.620275,-1.019588,2.079118
3.600000,0.389395,1.019420,2.610605,-1.019420,2.078435
3.700000,0.398939,1.019127,2.601061,-1.019127,2.077241
3.800000,0.408351,1.018698,2.591649,-1.018698,2.075491
3.900000,0.417624,1.018121,2.582376,-1.018121,2.073140
4.000000,0.426751,1.017385,2.573249,-1.017385,2.070145
4.100000,0.435726,1.016479,2.564274,-1.016479,2.066459
4.200000,0.444542,1.015391,2.555458,-1.015391,2.062040
4.300000,0.453194,1.014111,2.546806,-1.014111,2.056842
4.400000,0.461673,1.012626,2.538327,-1.012626,2.050825
4.500000,0.469975,1.010927,2.530025,-1.010927,2.043948
4.600000,0.478094,1.009003,2.521906,-1.009003,2.036175
4.700000,0.486024,1.006844,2.513976,-1.006844,2.027470
4.800000,0.493760,1.004441,2.506240,-1.004441,2.017804
4.900000,0.501297,1.001786,2.498703,-1.001786,2.007150
5.000000,0.508630,0.998871,2.491370,-0.998871,1.995486
5.100000,0.515756,0.995689,2.484244,-0.995689,1.982795
5.200000,0.522670,0.992236,2.477330,-0.992236,1.969065
5.300000,0.529370,0.988507,2.470630,-0.988507,1.954291
5.400000,0.535853,0.984498,2.464147,-0.984498,1.938472
5.500000,0.542117,0.980208,2.457883,-0.980208,1.921615
5.600000,0.548161,0.975636,2.451839,-0.975636,1.903732
5.700000,0.553982,0.970783,2.446018,-0.970783,1.884840
5.800000,0.559581,0.965651,2.440419,-0.965651,1.864964
5.900000,0.564958,0.960243,2.435042,-0.960243,1.844133
6.000000,0.570113,0.954564,2.429887,-0.954564,1.822384
6.100000,0.575047,0.948619,2.424953,-0.948619,1.799757
6.200000,0.579761,0.942416,2.420239,-0.942416,1.776297
6.300000,0.584258,0.935963,2.415742,-0.935963,1.752054
6.400000,0.588540,0.929269,2.411460,-0.929269,1.727080
6.500000,0.592609,0.922343,2.407391,-0.922343,1.701434
6.600000,0.596469,0.915198,2.403531,-0.915198,1.675174
6.700000,0.600123,0.907844,2.399877,-0.907844,1.648361
6.800000,0.603574,0.900294,2.396426,-0.900294,1.621059
6.900000,0.606828,0.892561,2.393172,-0.892561,1.593331
7.000000,0.609889,0.884658,2.390111,-0.884658,1.565240
7.100000,0.612760,0.876599,2.387240,-0.876599,1.536852
7.200000,0.615447,0.868397,2.384553,-0.868397,1.508228
7.300000,0.617955,0.860067,2.382045,-0.860067,1.479431
7.400000,0.620288,0.851622,2.379712,-0.851622,1.450521
7.500000,0.622453,0.843077,2.377547,-0.843077,1.421557
7.600000,0.624454,0.834444,2.375546,-0.834444,1.392595
7.700000,0.626296,0.825738,2.373704,-0.825738,1.363688
7.800000,0.627985,0.816972,2.372015,-0.816972,1.334887
7.900000,0.629527,0.808158,2.370473,-0.808158,1.306240
8.000000,0.630926,0.799310,2.369074,-0.799310,1.277792
8.100000,0.632188,0.790438,2.367812,-0.790438,1.249583
8.200000,0.633318,0.781554,2.366682,-0.781554,1.221653
8.300000,0.634322,0.772670,2.365678,-0.772670,1.194037
8.400000,0.635205,0.763795,2.364795,-0.763795,1.166766
8.500000,0.635971,0.754940,2.364029,-0.754940,1.139870
8.600000,0.636625,0.746114,2.363375,-0.746114,1.113373
8.700000,0.637174,0.737326,2.362826,-0.737326,1.087298
8.800000,0.637620,0.728583,2.362380,-0.728583,1.061666
8.900000,0.637970,0.719893,2.362030,-0.719893,1.036493
9.000000,0.638226,0.711264,2.361774,-0.711264,1.011793
9.100000,0.638395,0.702701,2.361605,-0.702701,0.987578
9.200000,0.638480,0.694211,2.361520,-0.694211,0.963858
9.300000,0.638484,0.685799,2.361516,-0.685799,0.940641
9.400000,0.638413,0.677470,2.361587,-0.677470,0.917931
9.500000,0.638270,0.669228,2.361730,-0.669228,0.895731
9.600000,0.638059,0.661077,2.361941,-0.661077,0.874045
9.700000,0.637783,0.653020,2.362217,-0.653020,0.852871
9.800000,0.637445,0.645062,2.362555,-0.645062,0.832209
9.900000,0.637050,0.637203,2.362950,-0.637203,0.812056
10.000000,0.636599,0.629448,2.363401,-0.629448,0.792408
10.100000,0.636097,0.621796,2.363903,-0.621796,0.773261
10.200000,0.635547,0.614251,2.364453,-0.614251,0.754609
10.300000,0.634950,0.606813,2.365050,-0.606813,0.736445
10.400000,0.634309,0.599484,2.365691,-0.599484,0.718763
10.500000,0.633629,0.592264,2.366371,-0.592264,0.701554
10.600000,0.632909,0.585154,2.367091,-0.585154,0.684810
10.700000,0.632154,0.578153,2.367846,-0.578153,0.668522
10.800000,0.631365,0.571262,2.368635,-0.571262,0.652682
10.900000,0.630545,0.564482,2.369455,-0.564482,0.637279
11.000000,0.629694,0.557810,2.370306,-0.557810,0.622305
11.100000,0.628817,0.551248,2.371183,-0.551248,0.607749
11.200000,0.627913,0.544794,2.372087,-0.544794,0.593601
11.300000,0.626986,0.538448,2.373014,-0.538448,0.579852
11.400000,0.626036,0.532208,2.373964,-0.532208,0.566491
11.500000,0.625066,0.526074,2.374934,-0.526074,0.553508
11.600000,0.624076,0.520045,2.375924,-0.520045,0.540894
11.700000,0.623068,0.514120,2.376932,-0.514120,0.528638
11.800000,0.622044,0.508296,2.377956,-0.508296,0.516730
11.900000,0.621005,0.502574,2.378995,-0.502574,0.505161
12.000000,0.619952,0.496951,2.380048,-0.496951,0.493922
12.100000,0.618887,0.491427,2.381113,-0.491427,0.483001
12.200000,0.617809,0.486000,2.382191,-0.486000,0.472391
12.300000,0.616722,0.480667,2.383278,-0.480667,0.462082
12.400000,0.615624,0.475429,2.384376,-0.475429,0.452066
12.500000,0.614518,0.470283,2.385482,-0.470283,0.442332
12.600000,0.613404,0.465228,2.386596,-0.465228,0.432874
12.700000,0.612284,0.460262,2.387716,-0.460262,0.423682
12.800000,0.611157,0.455383,2.388843,-0.455383,0.414748
12.900000,0.610025,0.450591,2.389975,-0.450591,0.406065
13.000000,0.608888,0.445883,2.391112,-0.445883,0.397624
13.100000,0.607747,0.441259,2.392253,-0.441259,0.389418
13.200000,0.606603,0.436715,2.393397,-0.436715,0.381440
13.300000,0.605456,0.432252,2.394544,-0.432252,0.373683
13.400000,0.604307,0.427867,2.395693,-0.427867,0.366140
13.500000,0.603156,0.423558,2.396844,-0.423558,0.358803
13.600000,0.602005,0.419325,2.397995,-0.419325,0.351667
13.700000,0.600852,0.415166,2.399148,-0.415166,0.344726
13.800000,0.599699,0.411079,2.400301,-0.411079,0.337972
13.900000,0.598547,0.407063,2.401453,-0.407063,0.331401
14.000000,0.597395,0.403116,2.402605,-0.403116,0.325006
14.100000,0.596244,0.399238,2.403756,-0.399238,0.318782
14.200000,0.595095,0.395426,2.404905,-0.395426,0.312723
14.300000,0.593947,0.391679,2.406053,-0.391679,0.306825
14.400000,0.592801,0.387997,2.407199,-0.387997,0.301083
14.500000,0.591657,0.384376,2.408343,-0.384376,0.295490
14.600000,0.590516,0.380817,2.409484,-0.380817,0.290044
14.700000,0.589377,0.377319,2.410623,-0.377319,0.284739
14.800000,0.588242,0.373878,2.411758,-0.373878,0.279570
14.900000,0.587109,0.370496,2.412891,-0.370496,0.274534
15.000000,0.585980,0.367169,2.414020,-0.367169,0.269627
15.100000,0.584855,0.363898,2.415145,-0.363898,0.264844
15.200000,0.583734,0.360681,2.416266,-0.360681,0.260182
15.300000,0.582616,0.357517,2.417384,-0.357517,0.255636
15.400000,0.581503,0.354404,2.418497,-0.354404,0.251204
15.500000,0.580394,0.351342,2.419606,-0.351342,0.246882
15.600000,0.579289,0.348330,2.420711,-0.348330,0.242667
15.700000,0.578189,0.345366,2.421811,-0.345366,0.238555
15.800000,0.577093,0.342449,2.422907,-0.342449,0.234543
15.900000,0.576002,0.339579,2.423998,-0.339579,0.230628
16.000000,0.574916,0.336755,2.425084,-0.336755,0.226808
16.100000,0.573835,0.333975,2.426165,-0.333975,0.223079
16.200000,0.572759,0.331239,2.427241,-0.331239,0.219439
16.300000,0.571688,0.328546,2.428312,-0.328546,0.215885
16.400000,0.570622,0.325895,2.429378,-0.325895,0.212414
16.500000,0.569561,0.323284,2.430439,-0.323284,0.209025
16.600000,0.568505,0.320714,2.431495,-0.320714,0.205715
16.700000,0.567455,0.318183,2.432545,-0.318183,0.202481
16.800000,0.566410,0.315690,2.433590,-0.315690,0.199321
16.900000,0.565371,0.313236,2.434629,-0.313236,0.196233
17.000000,0.564337,0.310818,2.435663,-0.310818,0.193215
17.100000,0.563308,0.308436,2.436692,-0.308436,0.190266
17.200000,0.562285,0.306090,2.437715,-0.306090,0.187382
17.300000,0.561267,0.303779,2.438733,-0.303779,0.184563
17.400000,0.560255,0.301501,2.439745,-0.301501,0.181806
17.500000,0.559249,0.299257,2.440751,-0.299257,0.179110
17.600000,0.558247,0.297046,2.441753,-0.297046,0.176473
17.700000,0.557252,0.294867,2.442748,-0.294867,0.173893
17.800000,0.556262,0.292719,2.443738,-0.292719,0.171369
17.900000,0.555277,0.290602,2.444723,-0.290602,0.168899
18.000000,0.554298,0.288515,2.445702,-0.288515,0.166481
18.100000,0.553325,0.286457,2.446675,-0.286457,0.164115
18.200000,0.552357,0.284429,2.447643,-0.284429,0.161799
18.300000,0.551394,0.282429,2.448606,-0.282429,0.159532
18.400000,0.550437,0.280456,2.449563,-0.280456,0.157312
18.500000,0.549486,0.278511,2.450514,-0.278511,0.155137
18.600000,0.548540,0.276593,2.451460,-0.276593,0.153008
18.700000,0.547599,0.274701,2.452401,-0.274701,0.150922
18.800000,0.546664,0.272835,2.453336,-0.272835,0.148878
18.900000,0.545734,0.270994,2.454266,-0.270994,0.146876
19.000000,0.544810,0.269178,2.455190,-0.269178,0.144914
19.100000,0.543891,0.267387,2.456109,-0.267387,0.142991
19.200000,0.542978,0.265619,2.457022,-0.265619,0.141107
19.300000,0.542069,0.263874,2.457931,-0.263874,0.139259
19.400000,0.541166,0.262153,2.458834,-0.262153,0.137448
19.500000,0.540269,0.260454,2.459731,-0.260454,0.135672
19.600000,0.539376,0.258777,2.460624,-0.258777,0.133931
19.700000,0.538489,0.257122,2.461511,-0.257122,0.132223
19.800000,0.537607,0.255488,2.462393,-0.255488,0.130548
19.900000,0.536730,0.253875,2.463270,-0.253875,0.128905
20.000000,0.535858,0.252282,2.464142,-0.252282,0.127293
20.100000,0.534992,0.250710,2.465008,-0.250710,0.125711
20.200000,0.534130,0.249158,2.465870,-0.249158,0.124159
20.300000,0.533274,0.247625,2.466726,-0.247625,0.122636
20.400000,0.532422,0.246111,2.467578,-0.246111,0.121141
20.500000,0.531576,0.244616,2.468424,-0.244616,0.119674
20.600000,0.530734,0.243139,2.469266,-0.243139,0.118233
20.700000,0.529897,0.241680,2.470103,-0.241680,0.116819
20.800000,0.529066,0.240239,2.470934,-0.240239,0.115430
20.900000,0.528239,0.238816,2.471761,-0.238816,0.114066
21.000000,0.527416,0.237410,2.472584,-0.237410,0.112727
21.100000,0.526599,0.236020,2.473401,-0.236020,0.111411
21.200000,0.525786,0.234647,2.474214,-0.234647,0.110119
21.300000,0.524978,0.233291,2.475022,-0.233291,0.108849
21.400000,0.524175,0.231950,2.475825,-0.231950,0.107602
21.500000,0.523376,0.230625,2.476624,-0.230625,0.106376
21.600000,0.522582,0.229316,2.477418,-0.229316,0.105172
21.700000,0.521793,0.228022,2.478207,-0.228022,0.103988
21.800000,0.521008,0.226743,2.478992,-0.226743,0.102824
21.900000,0.520227,0.225478,2.479773,-0.225478,0.101681
22.000000,0.519451,0.224228,2.480549,-0.224228,0.100556
22.100000,0.518680,0.222992,2.481320,-0.222992,0.099451
22.200000,0.517912,0.221770,2.482088,-0.221770,0.098364
22.300000,0.517150,0.220562,2.482850,-0.220562,0.097295
22.399999,0.516391,0.219367,2.483609,-0.219367,0.096244
22.499999,0.515637,0.218186,2.484363,-0.218186,0.095210
22.599999,0.514887,0.217017,2.485113,-0.217017,0.094193
22.699999,0.514141,0.215862,2.485859,-0.215862,0.093193
22.799999,0.513399,0.214719,2.486601,-0.214719,0.092209
22.899999,0.512662,0.213589,2.487338,-0.213589,0.091240
22.999999,0.511929,0.212471,2.488071,-0.212471,0.090288
23.099999,0.511199,0.211365,2.488801,-0.211365,0.089350
23.199999,0.510474,0.210271,2.489526,-0.210271,0.088427
23.299999,0.509753,0.209188,2.490247,-0.209188,0.087519
23.399999,0.509036,0.208117,2.490964,-0.208117,0.086626
23.499999,0.508323,0.207058,2.491677,-0.207058,0.085746
23.599999,0.507613,0.206009,2.492387,-0.206009,0.084879
23.699999,0.506908,0.204971,2.493092,-0.204971,0.084027
23.799999,0.506206,0.203945,2.493794,-0.203945,0.083187
23.899999,0.505509,0.202929,2.494491,-0.202929,0.082360
23.999999,0.504815,0.201923,2.495185,-0.201923,0.081546
24.099999,0.504125,0.200928,2.495875,-0.200928,0.080744
24.199999,0.503438,0.199943,2.496562,-0.199943,0.079954
24.299999,0.502755,0.198967,2.497245,-0.198967,0.079176
24.399999,0.502076,0.198002,2.497924,-0.198002,0.078410
24.499999,0.501401,0.197047,2.498599,-0.197047,0.077655
24.599999,0.500729,0.196101,2.499271,-0.196101,0.076911
24.699999,0.500061,0.195164,2.499939,-0.195164,0.076178
24.799999,0.499396,0.194237,2.500604,-0.194237,0.075456
24.899999,0.498735,0.193319,2.501265,-0.193319,0.074744
24.999999,0.498077,0.192409,2.501923,-0.192409,0.074043
25.099999,0.497423,0.191509,2.502577,-0.191509,0.073352
25.199999,0.496772,0.190618,2.503228,-0.190618,0.072670
25.299999,0.496125,0.189735,2.503875,-0.189735,0.071999
25.399999,0.495481,0.188860,2.504519,-0.188860,0.071337
25.499999,0.494840,0.187994,2.505160,-0.187994,0.070684
25.599999,0.494203,0.187137,2.505797,-0.187137,0.070040
25.699999,0.493568,0.186287,2.506432,-0.186287,0.069406
25.799999,0.492938,0.185446,2.507062,-0.185446,0.068780
25.899999,0.492310,0.184612,2.507690,-0.184612,0.068163
25.999999,0.491686,0.183786,2.508314,-0.183786,0.067555
26.099999,0.491065,0.182968,2.508935,-0.182968,0.066955
26.199999,0.490447,0.182158,2.509553,-0.182158,0.066363
26.299999,0.489832,0.181355,2.510168,-0.181355,0.065779
26.399999,0.489220,0.180559,2.510780,-0.180559,0.065203
26.499999,0.488611,0.179771,2.511389,-0.179771,0.064635
26.599999,0.488005,0.178989,2.511995,-0.178989,0.064074
26.699999,0.487403,0.178215,2.512597,-0.178215,0.063521
26.799999,0.486803,0.177448,2.513197,-0.177448,0.062976
26.899999,0.486207,0.176688,2.513793,-0.176688,0.062437
26.999999,0.485613,0.175934,2.514387,-0.175934,0.061906
27.099999,0.485022,0.175188,2.514978,-0.175188,0.061382
27.199999,0.484434,0.174448,2.515566,-0.174448,0.060864
27.299999,0.483849,0.173714,2.516151,-0.173714,0.060353
27.399999,0.483267,0.172987,2.516733,-0.172987,0.059849
27.499999,0.482688,0.172266,2.517312,-0.172266,0.059351
27.599999,0.482111,0.171552,2.517889,-0.171552,0.058860
27.699999,0.481538,0.170844,2.518462,-0.170844,0.058375
27.799999,0.480967,0.170141,2.519033,-0.170141,0.057896
27.899999,0.480399,0.169445,2.519601,-0.169445,0.057423
27.999999,0.479833,0.168755,2.520167,-0.168755,0.056957
28.099999,0.479270,0.168071,2.520730,-0.168071,0.056496
28.199999,0.478710,0.167393,2.521290,-0.167393,0.056041
28.299999,0.478153,0.166720,2.521847,-0.166720,0.055591
28.399999,0.477598,0.166053,2.522402,-0.166053,0.055147
28.499999,0.477046,0.165391,2.522954,-0.165391,0.054709
28.599999,0.476497,0.164735,2.523503,-0.164735,0.054276
28.699999,0.475950,0.164085,2.524050,-0.164085,0.053848
28.799999,0.475405,0.163440,2.524595,-0.163440,0.053425
28.899999,0.474863,0.162800,2.525137,-0.162800,0.053008
28.999999,0.474324,0.162166,2.525676,-0.162166,0.052595
29.099999,0.473787,0.161536,2.526213,-0.161536,0.052188
29.199999,0.473252,0.160912,2.526748,-0.160912,0.051785
29.299999,0.472720,0.160293,2.527280,-0.160293,0.051388
29.399999,0.472191,0.159679,2.527809,-0.159679,0.050995
29.499999,0.471664,0.159070,2.528336,-0.159070,0.050606
29.599999,0.471139,0.158465,2.528861,-0.158465,0.050222
29.699999,0.470617,0.157866,2.529383,-0.157866,0.049843
29.799999,0.470097,0.157271,2.529903,-0.157271,0.049468
29.899999,0.469579,0.156681,2.530421,-0.156681,0.049098
29.999999,0.469064,0.156095,2.530936,-0.156095,0.048732
30.099999,0.468551,0.155515,2.531449,-0.155515,0.048370
30.199999,0.468040,0.154938,2.531960,-0.154938,0.048012
30.299999,0.467531,0.154367,2.532469,-0.154367,0.047658
30.399999,0.467025,0.153799,2.532975,-0.153799,0.047308
30.499999,0.466521,0.153236,2.533479,-0.153236,0.046963
30.599999,0.466019,0.152678,2.533981,-0.152678,0.046621
30.699999,0.465520,0.152123,2.534480,-0.152123,0.046283
30.799999,0.465022,0.151573,2.534978,-0.151573,0.045949
30.899999,0.464527,0.151027,2.535473,-0.151027,0.045618
30.999999,0.464034,0.150485,2.535966,-0.150485,0.045292
31.099999,0.463543,0.149948,2.536457,-0.149948,0.044969
31.199999,0.463054,0.149414,2.536946,-0.149414,0.044649
31.299999,0.462568,0.148884,2.537432,-0.148884,0.044333
31.399999,0.462083,0.148359,2.537917,-0.148359,0.044021
31.499999,0.461600,0.147837,2.538400,-0.147837,0.043711
31.599999,0.461120,0.147319,2.538880,-0.147319,0.043406
31.699999,0.460641,0.146805,2.539359,-0.146805,0.043103
31.799999,0.460165,0.146294,2.539835,-0.146294,0.042804
31.899999,0.459690,0.145788,2.540310,-0.145788,0.042508
31.999999,0.459218,0.145285,2.540782,-0.145285,0.042215
32.099999,0.458747,0.144785,2.541253,-0.144785,0.041926
32.199999,0.458279,0.144290,2.541721,-0.144290,0.041639
32.299999,0.457812,0.143798,2.542188,-0.143798,0.041355
32.399999,0.457348,0.143309,2.542652,-0.143309,0.041075
32.499999,0.456885,0.142824,2.543115,-0.142824,0.040797
32.599999,0.456424,0.142342,2.543576,-0.142342,0.040523
32.699999,0.455965,0.141864,2.544035,-0.141864,0.040251
32.799999,0.455508,0.141389,2.544492,-0.141389,0.039982
32.899999,0.455053,0.140918,2.544947,-0.140918,0.039716
32.999999,0.454600,0.140450,2.545400,-0.140450,0.039452
33.099999,0.454148,0.139985,2.545852,-0.139985,0.039191
33.199999,0.453699,0.139523,2.546301,-0.139523,0.038933
33.299999,0.453251,0.139065,2.546749,-0.139065,0.038678
33.399999,0.452805,0.138609,2.547195,-0.138609,0.038425
33.499999,0.452360,0.138157,2.547640,-0.138157,0.038175
33.599999,0.451918,0.137708,2.548082,-0.137708,0.037927
33.699999,0.451477,0.137262,2.548523,-0.137262,0.037682
33.799999,0.451038,0.136819,2.548962,-0.136819,0.037439
33.899999,0.450601,0.136379,2.549399,-0.136379,0.037199
33.999999,0.450165,0.135943,2.549835,-0.135943,0.036961
34.099999,0.449731,0.135509,2.550269,-0.135509,0.036725
34.199999,0.449299,0.135078,2.550701,-0.135078,0.036492
34.299999,0.448869,0.134649,2.551131,-0.134649,0.036261
34.399999,0.448440,0.134224,2.551560,-0.134224,0.036032
34.499999,0.448013,0.133802,2.551987,-0.133802,0.035806
34.599999,0.447588,0.133382,2.552412,-0.133382,0.035582
34.699999,0.447164,0.132965,2.552836,-0.132965,0.035359
34.799999,0.446742,0.132551,2.553258,-0.132551,0.035140
34.899999,0.446321,0.132140,2.553679,-0.132140,0.034922
34.999999,0.445902,0.131731,2.554098,-0.131731,0.034706
35.099999,0.445485,0.131325,2.554515,-0.131325,0.034492
35.199999,0.445069,0.130921,2.554931,-0.130921,0.034281
35.299999,0.444655,0.130521,2.555345,-0.130521,0.034071
35.399999,0.444242,0.130122,2.555758,-0.130122,0.033864
35.499999,0.443831,0.129727,2.556169,-0.129727,0.033658
35.599999,0.443421,0.129334,2.556579,-0.129334,0.033454
35.699999,0.443013,0.128943,2.556987,-0.128943,0.033253
35.799999,0.442607,0.128555,2.557393,-0.128555,0.033053
35.899999,0.442202,0.128169,2.557798,-0.128169,0.032855
35.999999,0.441798,0.127786,2.558202,-0.127786,0.032659
36.099999,0.441396,0.127405,2.558604,-0.127405,0.032464
36.199999,0.440996,0.127027,2.559004,-0.127027,0.032272
36.299999,0.440597,0.126651,2.559403,-0.126651,0.032081
36.399999,0.440199,0.126277,2.559801,-0.126277,0.031892
36.499999,0.439803,0.125906,2.560197,-0.125906,0.031705
36.599999,0.439408,0.125537,2.560592,-0.125537,0.031519
36.699999,0.439015,0.125170,2.560985,-0.125170,0.031335
36.799999,0.438623,0.124806,2.561377,-0.124806,0.031153
36.899999,0.438233,0.124443,2.561767,-0.124443,0.030972
36.999999,0.437844,0.124083,2.562156,-0.124083,0.030793
37.099999,0.437456,0.123725,2.562544,-0.123725,0.030616
37.199999,0.437070,0.123370,2.562930,-0.123370,0.030440
37.299999,0.436685,0.123016,2.563315,-0.123016,0.030266
37.399999,0.436302,0.122665,2.563698,-0.122665,0.030093
37.499999,0.435920,0.122316,2.564080,-0.122316,0.029922
37.599999,0.435539,0.121969,2.564461,-0.121969,0.029753
37.699999,0.435159,0.121623,2.564841,-0.121623,0.029585
37.799999,0.434781,0.121280,2.565219,-0.121280,0.029418
37.899999,0.434404,0.120939,2.565596,-0.120939,0.029253
37.999999,0.434029,0.120601,2.565971,-0.120601,0.029089
38.099999,0.433655,0.120264,2.566345,-0.120264,0.028927
38.199999,0.433282,0.119929,2.566718,-0.119929,0.028766
38.299999,0.432910,0.119596,2.567090,-0.119596,0.028606
38.399999,0.432540,0.119265,2.567460,-0.119265,0.028448
38.499999,0.432171,0.118936,2.567829,-0.118936,0.028291
38.599999,0.431803,0.118608,2.568197,-0.118608,0.028136
38.699999,0.431437,0.118283,2.568563,-0.118283,0.027982
38.799999,0.431071,0.117960,2.568929,-0.117960,0.027829
38.899999,0.430707,0.117638,2.569293,-0.117638,0.027677
38.999999,0.430345,0.117318,2.569655,-0.117318,0.027527
39.099999,0.429983,0.117001,2.570017,-0.117001,0.027378
39.199999,0.429623,0.116685,2.570377,-0.116685,0.027231
39.299999,0.429264,0.116370,2.570736,-0.116370,0.027084
39.399999,0.428906,0.116058,2.571094,-0.116058,0.026939
39.499999,0.428549,0.115747,2.571451,-0.115747,0.026795
39.599999,0.428193,0.115438,2.571807,-0.115438,0.026652
39.699999,0.427839,0.115131,2.572161,-0.115131,0.026510
39.799999,0.427486,0.114826,2.572514,-0.114826,0.026370
39.899999,0.427134,0.114522,2.572866,-0.114522,0.026231
39.999999,0.426783,0.114220,2.573217,-0.114220,0.026092
40.099999,0.426433,0.113920,2.573567,-0.113920,0.025955
40.199999,0.426085,0.113621,2.573915,-0.113621,0.025819
40.299999,0.425737,0.113324,2.574263,-0.113324,0.025685
40.399999,0.425391,0.113028,2.574609,-0.113028,0.025551
40.499999,0.425046,0.112735,2.574954,-0.112735,0.025418
40.599999,0.424702,0.112443,2.575298,-0.112443,0.025287
40.699999,0.424359,0.112152,2.575641,-0.112152,0.025156
40.799999,0.424017,0.111863,2.575983,-0.111863,0.025027
40.899999,0.423676,0.111576,2.576324,-0.111576,0.024898
40.999999,0.423337,0.111290,2.576663,-0.111290,0.024771
41.099999,0.422998,0.111006,2.577002,-0.111006,0.024644
41.199999,0.422661,0.110723,2.577339,-0.110723,0.024519
41.299999,0.422324,0.110442,2.577676,-0.110442,0.024395
41.399999,0.421989,0.110162,2.578011,-0.110162,0.024271
41.499999,0.421655,0.109884,2.578345,-0.109884,0.024149
41.599999,0.421322,0.109607,2.578678,-0.109607,0.024027
41.699999,0.420989,0.109332,2.579011,-0.109332,0.023907
41.799999,0.420658,0.109058,2.579342,-0.109058,0.023787
41.899999,0.420328,0.108785,2.579672,-0.108785,0.023668
41.999999,0.419999,0.108514,2.580001,-0.108514,0.023551
42.099999,0.419671,0.108245,2.580329,-0.108245,0.023434
42.199999,0.419344,0.107977,2.580656,-0.107977,0.023318
42.299999,0.419018,0.107710,2.580982,-0.107710,0.023203
42.399999,0.418693,0.107445,2.581307,-0.107445,0.023089
42.499999,0.418369,0.107181,2.581631,-0.107181,0.022975
42.599999,0.418046,0.106918,2.581954,-0.106918,0.022863
42.699999,0.417724,0.106657,2.582276,-0.106657,0.022751
42.799999,0.417403,0.106397,2.582597,-0.106397,0.022641
42.899999,0.417083,0.106139,2.582917,-0.106139,0.022531
42.999999,0.416764,0.105882,2.583236,-0.105882,0.022422
43.099999,0.416446,0.105626,2.583554,-0.105626,0.022314
43.199999,0.416129,0.105371,2.583871,-0.105371,0.022206
43.299999,0.415813,0.105118,2.584187,-0.105118,0.022100
43.399999,0.415497,0.104866,2.584503,-0.104866,0.021994
43.499999,0.415183,0.104615,2.584817,-0.104615,0.021889
43.599999,0.414870,0.104366,2.585130,-0.104366,0.021784
43.699999,0.414557,0.104118,2.585443,-0.104118,0.021681
43.799999,0.414246,0.103871,2.585754,-0.103871,0.021578
43.899999,0.413935,0.103625,2.586065,-0.103625,0.021476
43.999999,0.413626,0.103380,2.586374,-0.103380,0.021375
44.099999,0.413317,0.103137,2.586683,-0.103137,0.021275
44.199999,0.413009,0.102895,2.586991,-0.102895,0.021175
44.299999,0.412702,0.102654,2.587298,-0.102654,0.021076
44.399999,0.412396,0.102415,2.587604,-0.102415,0.020978
44.499999,0.412091,0.102176,2.587909,-0.102176,0.020880
44.599999,0.411787,0.101939,2.588213,-0.101939,0.020783
44.699999,0.411484,0.101703,2.588516,-0.101703,0.020687
44.799999,0.411181,0.101468,2.588819,-0.101468,0.020591
44.899999,0.410880,0.101234,2.589120,-0.101234,0.020497
44.999999,0.410579,0.101001,2.589421,-0.101001,0.020403
45.099999,0.410279,0.100770,2.589721,-0.100770,0.020309
45.199999,0.409980,0.100539,2.590020,-0.100539,0.020216
45.299999,0.409682,0.100310,2.590318,-0.100310,0.020124
45.399999,0.409385,0.100082,2.590615,-0.100082,0.020033
45.499999,0.409088,0.099855,2.590912,-0.099855,0.019942
45.599999,0.408793,0.099628,2.591207,-0.099628,0.019852
45.699999,0.408498,0.099404,2.591502,-0.099404,0.019762
45.799999,0.408204,0.099180,2.591796,-0.099180,0.019673
45.899999,0.407911,0.098957,2.592089,-0.098957,0.019585
45.999999,0.407619,0.098735,2.592381,-0.098735,0.019497
46.099999,0.407327,0.098514,2.592673,-0.098514,0.019410
46.199999,0.407036,0.098295,2.592964,-0.098295,0.019324
46.299999,0.406747,0.098076,2.593253,-0.098076,0.019238
46.399999,0.406458,0.097858,2.593542,-0.097858,0.019153
46.499999,0.406169,0.097642,2.593831,-0.097642,0.019068
46.599999,0.405882,0.097426,2.594118,-0.097426,0.018984
46.699999,0.405595,0.097212,2.594405,-0.097212,0.018900
46.799999,0.405310,0.096998,2.594690,-0.096998,0.018817
46.899999,0.405025,0.096785,2.594975,-0.096785,0.018735
46.999999,0.404740,0.096574,2.595260,-0.096574,0.018653
47.099999,0.404457,0.096363,2.595543,-0.096363,0.018572
47.199999,0.404174,0.096154,2.595826,-0.096154,0.018491
47.299999,0.403892,0.095945,2.596108,-0.095945,0.018411
47.399999,0.403611,0.095737,2.596389,-0.095737,0.018331
47.499999,0.403331,0.095530,2.596669,-0.095530,0.018252
47.599999,0.403051,0.095324,2.596949,-0.095324,0.018174
47.699999,0.402772,0.095120,2.597228,-0.095120,0.018095
47.799999,0.402494,0.094916,2.597506,-0.094916,0.018018
47.899999,0.402217,0.094712,2.597783,-0.094712,0.017941
47.999999,0.401940,0.094510,2.598060,-0.094510,0.017864
48.099999,0.401664,0.094309,2.598336,-0.094309,0.017788
48.199999,0.401389,0.094109,2.598611,-0.094109,0.017713
48.299999,0.401114,0.093909,2.598886,-0.093909,0.017638
48.399999,0.400841,0.093711,2.599159,-0.093711,0.017563
48.499999,0.400568,0.093513,2.599432,-0.093513,0.017489
48.599999,0.400295,0.093316,2.599705,-0.093316,0.017416
48.699999,0.400024,0.093121,2.599976,-0.093121,0.017343
48.799999,0.399753,0.092925,2.600247,-0.092925,0.017270
48.899999,0.399483,0.092731,2.600517,-0.092731,0.017198
48.999999,0.399214,0.092538,2.600786,-0.092538,0.017127
49.099999,0.398945,0.092346,2.601055,-0.092346,0.017055
49.199999,0.398677,0.092154,2.601323,-0.092154,0.016985
49.299999,0.398410,0.091963,2.601590,-0.091963,0.016914
49.399999,0.398143,0.091773,2.601857,-0.091773,0.016845
49.499999,0.397877,0.091584,2.602123,-0.091584,0.016775
49.599999,0.397612,0.091396,2.602388,-0.091396,0.016706
49.699999,0.397347,0.091208,2.602653,-0.091208,0.016638
49.799999,0.397083,0.091022,2.602917,-0.091022,0.016570
49.899999,0.396820,0.090836,2.603180,-0.090836,0.016502
49.999999,0.396558,0.090651,2.603442,-0.090651,0.016435
50.099999,0.396296,0.090467,2.603704,-0.090467,0.016368
50.199999,0.396035,0.090283,2.603965,-0.090283,0.016302
50.299999,0.395774,0.090100,2.604226,-0.090100,0.016236
50.399999,0.395514,0.089918,2.604486,-0.089918,0.016171
50.499999,0.395255,0.089737,2.604745,-0.089737,0.016106
50.599999,0.394997,0.089557,2.605003,-0.089557,0.016041
50.699999,0.394739,0.089377,2.605261,-0.089377,0.015977
50.799999,0.394481,0.089199,2.605519,-0.089199,0.015913
50.899999,0.394225,0.089021,2.605775,-0.089021,0.015849
50.999999,0.393969,0.088843,2.606031,-0.088843,0.015786
51.099999,0.393714,0.088667,2.606286,-0.088667,0.015724
51.199999,0.393459,0.088491,2.606541,-0.088491,0.015661
51.299999,0.393205,0.088316,2.606795,-0.088316,0.015599
51.399999,0.392951,0.088141,2.607049,-0.088141,0.015538
51.499999,0.392699,0.087968,2.607301,-0.087968,0.015477
51.599999,0.392446,0.087795,2.607554,-0.087795,0.015416
51.699999,0.392195,0.087623,2.607805,-0.087623,0.015355
51.799999,0.391944,0.087451,2.608056,-0.087451,0.015295
51.899999,0.391694,0.087280,2.608306,-0.087280,0.015236
51.999999,0.391444,0.087110,2.608556,-0.087110,0.015176
52.099999,0.391195,0.086941,2.608805,-0.086941,0.015117
52.199999,0.390946,0.086772,2.609054,-0.086772,0.015059
52.299999,0.390698,0.086604,2.609302,-0.086604,0.015001
52.399999,0.390451,0.086437,2.609549,-0.086437,0.014943
52.499999,0.390204,0.086270,2.609796,-0.086270,0.014885
52.599999,0.389958,0.086104,2.610042,-0.086104,0.014828
52.699999,0.389713,0.085939,2.610287,-0.085939,0.014771
52.799999,0.389468,0.085774,2.610532,-0.085774,0.014714
52.899999,0.389224,0.085610,2.610776,-0.085610,0.014658
52.999999,0.388980,0.085447,2.611020,-0.085447,0.014602
53.099999,0.388737,0.085284,2.611263,-0.085284,0.014547
53.199999,0.388494,0.085122,2.611506,-0.085122,0.014492
53.299999,0.388252,0.084961,2.611748,-0.084961,0.014437
53.399999,0.388011,0.084800,2.611989,-0.084800,0.014382
53.499999,0.387770,0.084640,2.612230,-0.084640,0.014328
53.599999,0.387530,0.084481,2.612470,-0.084481,0.014274
53.699999,0.387290,0.084322,2.612710,-0.084322,0.014220
53.799999,0.387051,0.084164,2.612949,-0.084164,0.014167
53.899999,0.386812,0.084007,2.613188,-0.084007,0.014114
53.999999,0.386574,0.083850,2.613426,-0.083850,0.014062
54.099999,0.386337,0.083693,2.613663,-0.083693,0.014009
54.199999,0.386100,0.083538,2.613900,-0.083538,0.013957
54.299999,0.385864,0.083383,2.614136,-0.083383,0.013905
54.399999,0.385628,0.083228,2.614372,-0.083228,0.013854
54.499999,0.385392,0.083074,2.614608,-0.083074,0.013803
54.599999,0.385158,0.082921,2.614842,-0.082921,0.013752
54.699999,0.384924,0.082769,2.615076,-0.082769,0.013701
54.799999,0.384690,0.082617,2.615310,-0.082617,0.013651
54.899999,0.384457,0.082465,2.615543,-0.082465,0.013601
54.999999,0.384224,0.082314,2.615776,-0.082314,0.013551
55.099999,0.383992,0.082164,2.616008,-0.082164,0.013502
55.199999,0.383761,0.082014,2.616239,-0.082014,0.013453
55.299999,0.383530,0.081865,2.616470,-0.081865,0.013404
55.399999,0.383299,0.081717,2.616701,-0.081717,0.013355
55.499999,0.383069,0.081569,2.616931,-0.081569,0.013307
55.599999,0.382840,0.081421,2.617160,-0.081421,0.013259
55.699999,0.382611,0.081274,2.617389,-0.081274,0.013211
55.799999,0.382383,0.081128,2.617617,-0.081128,0.013163
55.899999,0.382155,0.080982,2.617845,-0.080982,0.013116
55.999999,0.381927,0.080837,2.618073,-0.080837,0.013069
56.099999,0.381701,0.080692,2.618299,-0.080692,0.013023
56.199999,0.381474,0.080548,2.618526,-0.080548,0.012976
56.299999,0.381249,0.080405,2.618751,-0.080405,0.012930
56.399999,0.381023,0.080262,2.618977,-0.080262,0.012884
56.499999,0.380798,0.080119,2.619202,-0.080119,0.012838
56.599999,0.380574,0.079977,2.619426,-0.079977,0.012793
56.699999,0.380350,0.079836,2.619650,-0.079836,0.012748
56.799999,0.380127,0.079695,2.619873,-0.079695,0.012703
56.899999,0.379904,0.079555,2.620096,-0.079555,0.012658
56.999999,0.379682,0.079415,2.620318,-0.079415,0.012613
57.099999,0.379460,0.079275,2.620540,-0.079275,0.012569
57.199999,0.379239,0.079137,2.620761,-0.079137,0.012525
57.299999,0.379018,0.078998,2.620982,-0.078998,0.012481
57.399999,0.378797,0.078860,2.621203,-0.078860,0.012438
57.499999,0.378577,0.078723,2.621423,-0.078723,0.012395
57.599999,0.378358,0.078586,2.621642,-0.078586,0.012352
57.699999,0.378139,0.078450,2.621861,-0.078450,0.012309
57.799999,0.377921,0.078314,2.622079,-0.078314,0.012266
57.899999,0.377703,0.078179,2.622297,-0.078179,0.012224
57.999999,0.377485,0.078044,2.622515,-0.078044,0.012182
58.099999,0.377268,0.077910,2.622732,-0.077910,0.012140
58.199999,0.377051,0.077776,2.622949,-0.077776,0.012098
58.299999,0.376835,0.077643,2.623165,-0.077643,0.012057
58.399999,0.376619,0.077510,2.623381,-0.077510,0.012016
58.499999,0.376404,0.077377,2.623596,-0.077377,0.011975
58.599999,0.376190,0.077246,2.623810,-0.077246,0.011934
58.699999,0.375975,0.077114,2.624025,-0.077114,0.011893
58.799999,0.375761,0.076983,2.624239,-0.076983,0.011853
58.899999,0.375548,0.076853,2.624452,-0.076853,0.011813
58.999999,0.375335,0.076723,2.624665,-0.076723,0.011773
59.099999,0.375123,0.076593,2.624877,-0.076593,0.011733
59.199999,0.374911,0.076464,2.625089,-0.076464,0.011694
59.299999,0.374699,0.076335,2.625301,-0.076335,0.011654
59.399999,0.374488,0.076207,2.625512,-0.076207,0.011615
59.499999,0.374277,0.076080,2.625723,-0.076080,0.011576
59.599999,0.374067,0.075952,2.625933,-0.075952,0.011537
59.699999,0.373857,0.075825,2.626143,-0.075825,0.011499
59.799999,0.373648,0.075699,2.626352,-0.075699,0.011461
59.899999,0.373439,0.075573,2.626561,-0.075573,0.011423
59.999999,0.373230,0.075448,2.626770,-0.075448,0.011385
60.099999,0.373022,0.075323,2.626978,-0.075323,0.011347
60.199999,0.372814,0.075198,2.627186,-0.075198,0.011309
60.299999,0.372607,0.075074,2.627393,-0.075074,0.011272
60.399999,0.372400,0.074950,2.627600,-0.074950,0.011235
60.499999,0.372194,0.074827,2.627806,-0.074827,0.011198
60.599999,0.371988,0.074704,2.628012,-0.074704,0.011161
60.699999,0.371783,0.074581,2.628217,-0.074581,0.011125
60.799999,0.371578,0.074459,2.628422,-0.074459,0.011088
60.899999,0.371373,0.074338,2.628627,-0.074338,0.011052
60.999999,0.371169,0.074216,2.628831,-0.074216,0.011016
61.099999,0.370965,0.074096,2.629035,-0.074096,0.010980
61.199999,0.370761,0.073975,2.629239,-0.073975,0.010945
61.299999,0.370558,0.073855,2.629442,-0.073855,0.010909
61.399999,0.370356,0.073736,2.629644,-0.073736,0.010874
61.499999,0.370154,0.073617,2.629846,-0.073617,0.010839
61.599999,0.369952,0.073498,2.630048,-0.073498,0.010804
61.699999,0.369750,0.073380,2.630250,-0.073380,0.010769
61.799999,0.369549,0.073262,2.630451,-0.073262,0.010735
61.899999,0.369349,0.073144,2.630651,-0.073144,0.010700
61.999999,0.369149,0.073027,2.630851,-0.073027,0.010666
62.099999,0.368949,0.072910,2.631051,-0.072910,0.010632
62.199999,0.368749,0.072794,2.631251,-0.072794,0.010598
62.299999,0.368550,0.072678,2.631450,-0.072678,0.010564
62.399999,0.368352,0.072562,2.631648,-0.072562,0.010531
62.499999,0.368154,0.072447,2.631846,-0.072447,0.010497
62.599999,0.367956,0.072332,2.632044,-0.072332,0.010464
62.699999,0.367759,0.072218,2.632241,-0.072218,0.010431
62.799999,0.367562,0.072104,2.632438,-0.072104,0.010398
62.899999,0.367365,0.071990,2.632635,-0.071990,0.010365
62.999999,0.367169,0.071877,2.632831,-0.071877,0.010333
63.099999,0.366973,0.071764,2.633027,-0.071764,0.010300
63.199999,0.366777,0.071652,2.633223,-0.071652,0.010268
63.299999,0.366582,0.071539,2.633418,-0.071539,0.010236
63.399999,0.366388,0.071428,2.633612,-0.071428,0.010204
63.499999,0.366193,0.071316,2.633807,-0.071316,0.010172
63.599999,0.365999,0.071205,2.634001,-0.071205,0.010140
63.699999,0.365806,0.071095,2.634194,-0.071095,0.010109
63.799999,0.365612,0.070984,2.634388,-0.070984,0.010078
63.899999,0.365420,0.070874,2.634580,-0.070874,0.010046
63.999999,0.365227,0.070765,2.634773,-0.070765,0.010015
64.099999,0.365035,0.070655,2.634965,-0.070655,0.009984
64.199999,0.364843,0.070546,2.635157,-0.070546,0.009954
64.299999,0.364652,0.070438,2.635348,-0.070438,0.009923
64.399999,0.364461,0.070330,2.635539,-0.070330,0.009893
64.499999,0.364270,0.070222,2.635730,-0.070222,0.009862
64.599999,0.364080,0.070114,2.635920,-0.070114,0.009832
64.699999,0.363890,0.070007,2.636110,-0.070007,0.009802
64.799999,0.363701,0.069901,2.636299,-0.069901,0.009772
64.899999,0.363512,0.069794,2.636488,-0.069794,0.009742
64.999999,0.363323,0.069688,2.636677,-0.069688,0.009713
65.099999,0.363134,0.069582,2.636866,-0.069582,0.009683
65.199999,0.362946,0.069477,2.637054,-0.069477,0.009654
65.299999,0.362759,0.069372,2.637241,-0.069372,0.009625
65.399999,0.362571,0.069267,2.637429,-0.069267,0.009596
65.499999,0.362384,0.069162,2.637616,-0.069162,0.009567
65.599999,0.362197,0.069058,2.637803,-0.069058,0.009538
65.699999,0.362011,0.068955,2.637989,-0.068955,0.009509
65.799999,0.361825,0.068851,2.638175,-0.068851,0.009481
65.899999,0.361640,0.068748,2.638360,-0.068748,0.009453
65.999999,0.361454,0.068645,2.638546,-0.068645,0.009424
66.099999,0.361269,0.068543,2.638731,-0.068543,0.009396
66.199999,0.361085,0.068441,2.638915,-0.068441,0.009368
66.299999,0.360900,0.068339,2.639100,-0.068339,0.009340
66.399999,0.360717,0.068237,2.639283,-0.068237,0.009313
66.499999,0.360533,0.068136,2.639467,-0.068136,0.009285
66.599999,0.360350,0.068035,2.639650,-0.068035,0.009258
66.699999,0.360167,0.067935,2.639833,-0.067935,0.009230
66.799999,0.359984,0.067834,2.640016,-0.067834,0.009203
66.899999,0.359802,0.067735,2.640198,-0.067735,0.009176
66.999999,0.359620,0.067635,2.640380,-0.067635,0.009149
67.099999,0.359439,0.067536,2.640561,-0.067536,0.009122
67.199998,0.359257,0.067437,2.640743,-0.067437,0.009095
67.299998,0.359077,0.067338,2.640923,-0.067338,0.009069
67.399998,0.358896,0.067239,2.641104,-0.067239,0.009042
67.499998,0.358716,0.067141,2.641284,-0.067141,0.009016
67.599998,0.358536,0.067044,2.641464,-0.067044,0.008990
67.699998,0.358356,0.066946,2.641644,-0.066946,0.008964
67.799998,0.358177,0.066849,2.641823,-0.066849,0.008938
67.899998,0.357998,0.066752,2.642002,-0.066752,0.008912
67.999998,0.357819,0.066655,2.642181,-0.066655,0.008886
68.099998,0.357641,0.066559,2.642359,-0.066559,0.008860
68.199998,0.357463,0.066463,2.642537,-0.066463,0.008835
68.299998,0.357286,0.066367,2.642714,-0.066367,0.008809
68.399998,0.357108,0.066272,2.642892,-0.066272,0.008784
68.499998,0.356931,0.066177,2.643069,-0.066177,0.008759
68.599998,0.356754,0.066082,2.643246,-0.066082,0.008734
68.699998,0.356578,0.065987,2.643422,-0.065987,0.008709
68.799998,0.356402,0.065893,2.643598,-0.065893,0.008684
68.899998,0.356226,0.065799,2.643774,-0.065799,0.008659
68.999998,0.356051,0.065705,2.643949,-0.065705,0.008634
69.099998,0.355876,0.065612,2.644124,-0.065612,0.008610
69.199998,0.355701,0.065519,2.644299,-0.065519,0.008585
69.299998,0.355526,0.065426,2.644474,-0.065426,0.008561
69.399998,0.355352,0.065333,2.644648,-0.065333,0.008537
69.499998,0.355178,0.065241,2.644822,-0.065241,0.008513
69.599998,0.355005,0.065149,2.644995,-0.065149,0.008489
69.699998,0.354831,0.065057,2.645169,-0.065057,0.008465
69.799998,0.354658,0.064966,2.645342,-0.064966,0.008441
69.899998,0.354486,0.064874,2.645514,-0.064874,0.008417
69.999998,0.354313,0.064783,2.645687,-0.064783,0.008394
70.099998,0.354141,0.064693,2.645859,-0.064693,0.008370
70.199998,0.353969,0.064602,2.646031,-0.064602,0.008347
70.299998,0.353798,0.064512,2.646202,-0.064512,0.008324
70.399998,0.353627,0.064422,2.646373,-0.064422,0.008300
70.499998,0.353456,0.064333,2.646544,-0.064333,0.008277
70.599998,0.353285,0.064243,2.646715,-0.064243,0.008254
70.699998,0.353115,0.064154,2.646885,-0.064154,0.008231
70.799998,0.352945,0.064065,2.647055,-0.064065,0.008209
70.899998,0.352775,0.063977,2.647225,-0.063977,0.008186
70.999998,0.352606,0.063888,2.647394,-0.063888,0.008163
71.099998,0.352437,0.063800,2.647563,-0.063800,0.008141
71.199998,0.352268,0.063712,2.647732,-0.063712,0.008119
71.299998,0.352099,0.063625,2.647901,-0.063625,0.008096
71.399998,0.351931,0.063537,2.648069,-0.063537,0.008074
71.499998,0.351763,0.063450,2.648237,-0.063450,0.008052
71.599998,0.351595,0.063364,2.648405,-0.063364,0.008030
71.699998,0.351428,0.063277,2.648572,-0.063277,0.008008
71.799998,0.351261,0.063191,2.648739,-0.063191,0.007986
71.899998,0.351094,0.063105,2.648906,-0.063105,0.007964
71.999998,0.350927,0.063019,2.649073,-0.063019,0.007943
72.099998,0.350761,0.062933,2.649239,-0.062933,0.007921
72.199998,0.350595,0.062848,2.649405,-0.062848,0.007900
72.299998,0.350429,0.062763,2.649571,-0.062763,0.007878
72.399998,0.350264,0.062678,2.649736,-0.062678,0.007857
72.499998,0.350099,0.062593,2.649901,-0.062593,0.007836
72.599998,0.349934,0.062509,2.650066,-0.062509,0.007815
72.699998,0.349769,0.062425,2.650231,-0.062425,0.007794
72.799998,0.349605,0.062341,2.650395,-0.062341,0.007773
72.899998,0.349441,0.062257,2.650559,-0.062257,0.007752
72.999998,0.349277,0.062174,2.650723,-0.062174,0.007731
73.099998,0.349113,0.062091,2.650887,-0.062091,0.007711
73.199998,0.348950,0.062008,2.651050,-0.062008,0.007690
73.299998,0.348787,0.061925,2.651213,-0.061925,0.007669
73.399998,0.348625,0.061843,2.651375,-0.061843,0.007649
73.499998,0.348462,0.061760,2.651538,-0.061760,0.007629
73.599998,0.348300,0.061678,2.651700,-0.061678,0.007608
73.699998,0.348138,0.061597,2.651862,-0.061597,0.007588
73.799998,0.347976,0.061515,2.652024,-0.061515,0.007568
73.899998,0.347815,0.061434,2.652185,-0.061434,0.007548
73.999998,0.347654,0.061353,2.652346,-0.061353,0.007528
74.099998,0.347493,0.061272,2.652507,-0.061272,0.007508
74.199998,0.347332,0.061191,2.652668,-0.061191,0.007489
74.299998,0.347172,0.061111,2.652828,-0.061111,0.007469
74.399998,0.347012,0.061030,2.652988,-0.061030,0.007449
74.499998,0.346852,0.060950,2.653148,-0.060950,0.007430
74.599998,0.346693,0.060871,2.653307,-0.060871,0.007410
74.699998,0.346533,0.060791,2.653467,-0.060791,0.007391
74.799998,0.346374,0.060712,2.653626,-0.060712,0.007372
74.899998,0.346216,0.060633,2.653784,-0.060633,0.007353
74.999998,0.346057,0.060554,2.653943,-0.060554,0.007334
75.099998,0.345899,0.060475,2.654101,-0.060475,0.007314
75.199998,0.345741,0.060397,2.654259,-0.060397,0.007295
75.299998,0.345583,0.060318,2.654417,-0.060318,0.007277
75.399998,0.345426,0.060240,2.654574,-0.060240,0.007258
75.499998,0.345268,0.060162,2.654732,-0.060162,0.007239
75.599998,0.345111,0.060085,2.654889,-0.060085,0.007220
75.699998,0.344955,0.060007,2.655045,-0.060007,0.007202
75.799998,0.344798,0.059930,2.655202,-0.059930,0.007183
75.899998,0.344642,0.059853,2.655358,-0.059853,0.007165
75.999998,0.344486,0.059776,2.655514,-0.059776,0.007146
76.099998,0.344330,0.059700,2.655670,-0.059700,0.007128
76.199998,0.344175,0.059624,2.655825,-0.059624,0.007110
76.299998,0.344020,0.059547,2.655980,-0.059547,0.007092
76.399998,0.343865,0.059471,2.656135,-0.059471,0.007074
76.499998,0.343710,0.059396,2.656290,-0.059396,0.007056
76.599998,0.343555,0.059320,2.656445,-0.059320,0.007038
76.699998,0.343401,0.059245,2.656599,-0.059245,0.007020
76.799998,0.343247,0.059170,2.656753,-0.059170,0.007002
76.899998,0.343093,0.059095,2.656907,-0.059095,0.006984
76.999998,0.342940,0.059020,2.657060,-0.059020,0.006967
77.099998,0.342786,0.058945,2.657214,-0.058945,0.006949
77.199998,0.342633,0.058871,2.657367,-0.058871,0.006932
77.299998,0.342480,0.058797,2.657520,-0.058797,0.006914
77.399998,0.342328,0.058723,2.657672,-0.058723,0.006897
77.499998,0.342176,0.058649,2.657824,-0.058649,0.006879
77.599998,0.342023,0.058576,2.657977,-0.058576,0.006862
77.699998,0.341872,0.058502,2.658128,-0.058502,0.006845
77.799998,0.341720,0.058429,2.658280,-0.058429,0.006828
77.899998,0.341568,0.058356,2.658432,-0.058356,0.006811
77.999998,0.341417,0.058283,2.658583,-0.058283,0.006794
78.099998,0.341266,0.058211,2.658734,-0.058211,0.006777
78.199998,0.341116,0.058138,2.658884,-0.058138,0.006760
78.299998,0.340965,0.058066,2.659035,-0.058066,0.006743
78.399998,0.340815,0.057994,2.659185,-0.057994,0.006727
78.499998,0.340665,0.057922,2.659335,-0.057922,0.006710
78.599998,0.340515,0.057850,2.659485,-0.057850,0.006693
78.699998,0.340366,0.057779,2.659634,-0.057779,0.006677
78.799998,0.340216,0.057708,2.659784,-0.057708,0.006660
78.899998,0.340067,0.057637,2.659933,-0.057637,0.006644
78.999998,0.339918,0.057566,2.660082,-0.057566,0.006628
79.099998,0.339770,0.057495,2.660230,-0.057495,0.006611
79.199998,0.339621,0.057424,2.660379,-0.057424,0.006595
79.299998,0.339473,0.057354,2.660527,-0.057354,0.006579
79.399998,0.339325,0.057284,2.660675,-0.057284,0.006563
79.499998,0.339177,0.057214,2.660823,-0.057214,0.006547
79.599998,0.339030,0.057144,2.660970,-0.057144,0.006531
79.699998,0.338883,0.057074,2.661117,-0.057074,0.006515
79.799998,0.338735,0.057005,2.661265,-0.057005,0.006499
79.899998,0.338589,0.056936,2.661411,-0.056936,0.006483
79.999998,0.338442,0.056866,2.661558,-0.056866,0.006468
80.099998,0.338296,0.056798,2.661704,-0.056798,0.006452
80.199998,0.338149,0.056729,2.661851,-0.056729,0.006436
80.299998,0.338003,0.056660,2.661997,-0.056660,0.006421
80.399998,0.337858,0.056592,2.662142,-0.056592,0.006405
80.499998,0.337712,0.056523,2.662288,-0.056523,0.006390
80.599998,0.337567,0.056455,2.662433,-0.056455,0.006374
80.699998,0.337422,0.056388,2.662578,-0.056388,0.006359
80.799998,0.337277,0.056320,2.662723,-0.056320,0.006344
80.899998,0.337132,0.056252,2.662868,-0.056252,0.006329
80.999998,0.336988,0.056185,2.663012,-0.056185,0.006313
81.099998,0.336843,0.056118,2.663157,-0.056118,0.006298
81.199998,0.336699,0.056051,2.663301,-0.056051,0.006283
81.299998,0.336555,0.055984,2.663445,-0.055984,0.006268
81.399998,0.336412,0.055917,2.663588,-0.055917,0.006253
81.499998,0.336268,0.055850,2.663732,-0.055850,0.006239
81.599998,0.336125,0.055784,2.663875,-0.055784,0.006224
81.699998,0.335982,0.055718,2.664018,-0.055718,0.006209
81.799998,0.335840,0.055652,2.664160,-0.055652,0.006194
81.899998,0.335697,0.055586,2.664303,-0.055586,0.006180
81.999998,0.335555,0.055520,2.664445,-0.055520,0.006165
82.099998,0.335412,0.055455,2.664588,-0.055455,0.006150
82.199998,0.335271,0.055389,2.664729,-0.055389,0.006136
82.299998,0.335129,0.055324,2.664871,-0.055324,0.006121
82.399998,0.334987,0.055259,2.665013,-0.055259,0.006107
82.499998,0.334846,0.055194,2.665154,-0.055194,0.006093
82.599998,0.334705,0.055129,2.665295,-0.055129,0.006078
82.699998,0.334564,0.055065,2.665436,-0.055065,0.006064
82.799998,0.334423,0.055000,2.665577,-0.055000,0.006050
82.899998,0.334283,0.054936,2.665717,-0.054936,0.006036
82.999998,0.334142,0.054872,2.665858,-0.054872,0.006022
83.099998,0.334002,0.054808,2.665998,-0.054808,0.006008
83.199998,0.333862,0.054744,2.666138,-0.054744,0.005994
83.299998,0.333723,0.054680,2.666277,-0.054680,0.005980
83.399998,0.333583,0.054617,2.666417,-0.054617,0.005966
83.499998,0.333444,0.054554,2.666556,-0.054554,0.005952
83.599998,0.333305,0.054490,2.666695,-0.054490,0.005938
83.699998,0.333166,0.054427,2.666834,-0.054427,0.005925
83.799998,0.333027,0.054365,2.666973,-0.054365,0.005911
83.899998,0.332889,0.054302,2.667111,-0.054302,0.005897
83.999998,0.332750,0.054239,2.667250,-0.054239,0.005884
84.099998,0.332612,0.054177,2.667388,-0.054177,0.005870
84.199998,0.332474,0.054115,2.667526,-0.054115,0.005857
84.299998,0.332337,0.054052,2.667663,-0.054052,0.005843
84.399998,0.332199,0.053991,2.667801,-0.053991,0.005830
84.499998,0.332062,0.053929,2.667938,-0.053929,0.005817
84.599998,0.331925,0.053867,2.668075,-0.053867,0.005803
84.699998,0.331788,0.053806,2.668212,-0.053806,0.005790
84.799998,0.331651,0.053744,2.668349,-0.053744,0.005777
84.899998,0.331514,0.053683,2.668486,-0.053683,0.005764
84.999998,0.331378,0.053622,2.668622,-0.053622,0.005751
85.099998,0.331242,0.053561,2.668758,-0.053561,0.005738
85.199998,0.331106,0.053500,2.668894,-0.053500,0.005725
85.299998,0.330970,0.053439,2.669030,-0.053439,0.005712
85.399998,0.330834,0.053379,2.669166,-0.053379,0.005699
85.499998,0.330699,0.053319,2.669301,-0.053319,0.005686
85.599998,0.330564,0.053258,2.669436,-0.053258,0.005673
85.699998,0.330429,0.053198,2.669571,-0.053198,0.005660
85.799998,0.330294,0.053138,2.669706,-0.053138,0.005647
85.899998,0.330159,0.053079,2.669841,-0.053079,0.005635
85.999998,0.330025,0.053019,2.669975,-0.053019,0.005622
86.099998,0.329890,0.052959,2.670110,-0.052959,0.005609
86.199998,0.329756,0.052900,2.670244,-0.052900,0.005597
86.299998,0.329622,0.052841,2.670378,-0.052841,0.005584
86.399998,0.329489,0.052782,2.670511,-0.052782,0.005572
86.499998,0.329355,0.052723,2.670645,-0.052723,0.005559
86.599998,0.329222,0.052664,2.670778,-0.052664,0.005547
86.699998,0.329089,0.052605,2.670911,-0.052605,0.005535
86.799998,0.328956,0.052547,2.671044,-0.052547,0.005522
86.899998,0.328823,0.052488,2.671177,-0.052488,0.005510
86.999998,0.328690,0.052430,2.671310,-0.052430,0.005498
87.099998,0.328558,0.052372,2.671442,-0.052372,0.005486
87.199998,0.328425,0.052314,2.671575,-0.052314,0.005474
87.299998,0.328293,0.052256,2.671707,-0.052256,0.005461
87.399998,0.328161,0.052199,2.671839,-0.052199,0.005449
87.499998,0.328030,0.052141,2.671970,-0.052141,0.005437
87.599998,0.327898,0.052083,2.672102,-0.052083,0.005425
87.699998,0.327767,0.052026,2.672233,-0.052026,0.005413
87.799998,0.327636,0.051969,2.672364,-0.051969,0.005402
87.899998,0.327505,0.051912,2.672495,-0.051912,0.005390
87.999998,0.327374,0.051855,2.672626,-0.051855,0.005378
88.099998,0.327243,0.051798,2.672757,-0.051798,0.005366
88.199998,0.327112,0.051742,2.672888,-0.051742,0.005354
88.299998,0.326982,0.051685,2.673018,-0.051685,0.005343
88.399998,0.326852,0.051629,2.673148,-0.051629,0.005331
88.499998,0.326722,0.051572,2.673278,-0.051572,0.005319
88.599998,0.326592,0.051516,2.673408,-0.051516,0.005308
88.699998,0.326463,0.051460,2.673537,-0.051460,0.005296
88.799998,0.326333,0.051404,2.673667,-0.051404,0.005285
88.899998,0.326204,0.051349,2.673796,-0.051349,0.005273
88.999998,0.326075,0.051293,2.673925,-0.051293,0.005262
89.099998,0.325946,0.051237,2.674054,-0.051237,0.005251
89.199998,0.325817,0.051182,2.674183,-0.051182,0.005239
89.299998,0.325689,0.051127,2.674311,-0.051127,0.005228
89.399998,0.325560,0.051072,2.674440,-0.051072,0.005217
89.499998,0.325432,0.051017,2.674568,-0.051017,0.005205
89.599998,0.325304,0.050962,2.674696,-0.050962,0.005194
89.699998,0.325176,0.050907,2.674824,-0.050907,0.005183
89.799998,0.325048,0.050852,2.674952,-0.050852,0.005172
89.899998,0.324921,0.050798,2.675079,-0.050798,0.005161
89.999998,0.324793,0.050743,2.675207,-0.050743,0.005150
90.099998,0.324666,0.050689,2.675334,-0.050689,0.005139
90.199998,0.324539,0.050635,2.675461,-0.050635,0.005128
90.299998,0.324412,0.050581,2.675588,-0.050581,0.005117
90.399998,0.324285,0.050527,2.675715,-0.050527,0.005106
90.499998,0.324159,0.050473,2.675841,-0.050473,0.005095
90.599998,0.324032,0.050420,2.675968,-0.050420,0.005084
90.699998,0.323906,0.050366,2.676094,-0.050366,0.005073
90.799998,0.323780,0.050313,2.676220,-0.050313,0.005063
90.899998,0.323654,0.050259,2.676346,-0.050259,0.005052
90.999998,0.323528,0.050206,2.676472,-0.050206,0.005041
91.099998,0.323403,0.050153,2.676597,-0.050153,0.005031
91.199998,0.323277,0.050100,2.676723,-0.050100,0.005020
91.299998,0.323152,0.050047,2.676848,-0.050047,0.005009
91.399998,0.323027,0.049995,2.676973,-0.049995,0.004999
91.499998,0.322902,0.049942,2.677098,-0.049942,0.004988
91.599998,0.322777,0.049890,2.677223,-0.049890,0.004978
91.699998,0.322653,0.049837,2.677347,-0.049837,0.004967
91.799998,0.322528,0.049785,2.677472,-0.049785,0.004957
91.899998,0.322404,0.049733,2.677596,-0.049733,0.004947
91.999998,0.322280,0.049681,2.677720,-0.049681,0.004936
92.099998,0.322156,0.049629,2.677844,-0.049629,0.004926
92.199998,0.322032,0.049577,2.677968,-0.049577,0.004916
92.299998,0.321908,0.049525,2.678092,-0.049525,0.004906
92.399998,0.321785,0.049474,2.678215,-0.049474,0.004895
92.499998,0.321662,0.049422,2.678338,-0.049422,0.004885
92.599998,0.321538,0.049371,2.678462,-0.049371,0.004875
92.699998,0.321415,0.049320,2.678585,-0.049320,0.004865
92.799998,0.321292,0.049269,2.678708,-0.049269,0.004855
92.899998,0.321170,0.049218,2.678830,-0.049218,0.004845
92.999998,0.321047,0.049167,2.678953,-0.049167,0.004835
93.099998,0.320925,0.049116,2.679075,-0.049116,0.004825
93.199998,0.320803,0.049065,2.679197,-0.049065,0.004815
93.299998,0.320680,0.049015,2.679320,-0.049015,0.004805
93.399998,0.320559,0.048964,2.679441,-0.048964,0.004795
93.499998,0.320437,0.048914,2.679563,-0.048914,0.004785
93.599998,0.320315,0.048864,2.679685,-0.048864,0.004775
93.699998,0.320194,0.048814,2.679806,-0.048814,0.004766
93.799998,0.320072,0.048764,2.679928,-0.048764,0.004756
93.899998,0.319951,0.048714,2.680049,-0.048714,0.004746
93.999998,0.319830,0.048664,2.680170,-0.048664,0.004736
94.099998,0.319709,0.048614,2.680291,-0.048614,0.004727
94.199998,0.319589,0.048565,2.680411,-0.048565,0.004717
94.299998,0.319468,0.048515,2.680532,-0.048515,0.004707
94.399998,0.319348,0.048466,2.680652,-0.048466,0.004698
94.499998,0.319227,0.048416,2.680773,-0.048416,0.004688
94.599998,0.319107,0.048367,2.680893,-0.048367,0.004679
94.699998,0.318987,0.048318,2.681013,-0.048318,0.004669
94.799998,0.318868,0.048269,2.681132,-0.048269,0.004660
94.899998,0.318748,0.048220,2.681252,-0.048220,0.004650
94.999998,0.318628,0.048172,2.681372,-0.048172,0.004641
95.099998,0.318509,0.048123,2.681491,-0.048123,0.004632
95.199998,0.318390,0.048074,2.681610,-0.048074,0.004622
95.299998,0.318271,0.048026,2.681729,-0.048026,0.004613
95.399998,0.318152,0.047978,2.681848,-0.047978,0.004604
95.499998,0.318033,0.047929,2.681967,-0.047929,0.004594
95.599998,0.317914,0.047881,2.682086,-0.047881,0.004585
95.699998,0.317796,0.047833,2.682204,-0.047833,0.004576
95.799998,0.317678,0.047785,2.682322,-0.047785,0.004567
95.899998,0.317559,0.047737,2.682441,-0.047737,0.004558
95.999998,0.317441,0.047690,2.682559,-0.047690,0.004549
96.099998,0.317323,0.047642,2.682677,-0.047642,0.004540
96.199998,0.317206,0.047595,2.682794,-0.047595,0.004530
96.299998,0.317088,0.047547,2.682912,-0.047547,0.004521
96.399998,0.316971,0.047500,2.683029,-0.047500,0.004512
96.499998,0.316853,0.047453,2.683147,-0.047453,0.004503
96.599998,0.316736,0.047405,2.683264,-0.047405,0.004495
96.699998,0.316619,0.047358,2.683381,-0.047358,0.004486
96.799998,0.316502,0.047311,2.683498,-0.047311,0.004477
96.899998,0.316385,0.047265,2.683615,-0.047265,0.004468
96.999998,0.316269,0.047218,2.683731,-0.047218,0.004459
97.099998,0.316152,0.047171,2.683848,-0.047171,0.004450
97.199998,0.316036,0.047125,2.683964,-0.047125,0.004441
97.299998,0.315920,0.047078,2.684080,-0.047078,0.004433
97.399998,0.315804,0.047032,2.684196,-0.047032,0.004424
97.499998,0.315688,0.046985,2.684312,-0.046985,0.004415
97.599998,0.315572,0.046939,2.684428,-0.046939,0.004407
97.699998,0.315456,0.046893,2.684544,-0.046893,0.004398
97.799998,0.315341,0.046847,2.684659,-0.046847,0.004389
97.899998,0.315226,0.046801,2.684774,-0.046801,0.004381
97.999998,0.315110,0.046756,2.684890,-0.046756,0.004372
98.099998,0.314995,0.046710,2.685005,-0.046710,0.004364
98.199998,0.314880,0.046664,2.685120,-0.046664,0.004355
98.299998,0.314766,0.046619,2.685234,-0.046619,0.004347
98.399998,0.314651,0.046573,2.685349,-0.046573,0.004338
98.499998,0.314536,0.046528,2.685464,-0.046528,0.004330
98.599998,0.314422,0.046483,2.685578,-0.046483,0.004321
98.699998,0.314308,0.046438,2.685692,-0.046438,0.004313
98.799998,0.314194,0.046393,2.685806,-0.046393,0.004305
98.899998,0.314080,0.046348,2.685920,-0.046348,0.004296
98.999998,0.313966,0.046303,2.686034,-0.046303,0.004288
99.099998,0.313852,0.046258,2.686148,-0.046258,0.004280
99.199998,0.313738,0.046213,2.686262,-0.046213,0.004271
99.299998,0.313625,0.046169,2.686375,-0.046169,0.004263
99.399998,0.313512,0.046124,2.686488,-0.046124,0.004255
99.499998,0.313399,0.046080,2.686601,-0.046080,0.004247
99.599998,0.313285,0.046035,2.686715,-0.046035,0.004239
99.699998,0.313173,0.045991,2.686827,-0.045991,0.004230
99.799998,0.313060,0.045947,2.686940,-0.045947,0.004222
99.899998,0.312947,0.045903,2.687053,-0.045903,0.004214
99.999998,0.312835,0.045859,2.687165,-0.045859,0.004206
