# Two Dipoles. Viscous opposite moments. $\\Reyn=1$, $x(0)=3$
# Commit: 2026-06-04-2-g5a5da60-dirty
# KinematicViscosity: 1
# TauMode: ConstPi32 τ = 1/π^(3/2)
# Date: 2026-06-10 04:21:57
time,d1_rx,d1_mx,d2_rx,d2_mx,sum_zeta_square
0.000000,0.000000,1.000000,3.000000,-1.000000,2.000000
0.100000,0.011366,1.000578,2.988634,-1.000578,2.002311
0.200000,0.022723,1.001171,2.977277,-1.001171,2.004688
0.300000,0.034070,1.001782,2.965930,-1.001782,2.007134
0.400000,0.045407,1.002409,2.954593,-1.002409,2.009648
0.500000,0.056734,1.003054,2.943266,-1.003054,2.012233
0.600000,0.068049,1.003716,2.931951,-1.003716,2.014891
0.700000,0.079353,1.004396,2.920647,-1.004396,2.017621
0.800000,0.090644,1.005094,2.909356,-1.005094,2.020426
0.900000,0.101921,1.005810,2.898079,-1.005810,2.023306
1.000000,0.113185,1.006544,2.886815,-1.006544,2.026263
1.100000,0.124433,1.007297,2.875567,-1.007297,2.029295
1.200000,0.135666,1.008069,2.864334,-1.008069,2.032405
1.300000,0.146881,1.008859,2.853119,-1.008859,2.035591
1.400000,0.158078,1.009667,2.841922,-1.009667,2.038854
1.500000,0.169256,1.010493,2.830744,-1.010493,2.042193
1.600000,0.180413,1.011337,2.819587,-1.011337,2.045606
1.700000,0.191548,1.012199,2.808452,-1.012199,2.049092
1.800000,0.202660,1.013077,2.797340,-1.013077,2.052650
1.900000,0.213746,1.013971,2.786254,-1.013971,2.056275
2.000000,0.224805,1.014881,2.775195,-1.014881,2.059965
2.100000,0.235835,1.015804,2.764165,-1.015804,2.063716
2.200000,0.246835,1.016741,2.753165,-1.016741,2.067524
2.300000,0.257801,1.017689,2.742199,-1.017689,2.071381
2.400000,0.268733,1.018647,2.731267,-1.018647,2.075283
2.500000,0.279626,1.019613,2.720374,-1.019613,2.079221
2.600000,0.290480,1.020585,2.709520,-1.020585,2.083186
2.700000,0.301290,1.021560,2.698710,-1.021560,2.087169
2.800000,0.312055,1.022536,2.687945,-1.022536,2.091160
2.900000,0.322771,1.023510,2.677229,-1.023510,2.095144
3.000000,0.333434,1.024478,2.666566,-1.024478,2.099110
3.100000,0.344043,1.025437,2.655957,-1.025437,2.103041
3.200000,0.354592,1.026382,2.645408,-1.026382,2.106922
3.300000,0.365078,1.027310,2.634922,-1.027310,2.110733
3.400000,0.375498,1.028216,2.624502,-1.028216,2.114455
3.500000,0.385847,1.029094,2.614153,-1.029094,2.118067
3.600000,0.396122,1.029938,2.603878,-1.029938,2.121545
3.700000,0.406317,1.030743,2.593683,-1.030743,2.124864
3.800000,0.416428,1.031503,2.583572,-1.031503,2.127997
3.900000,0.426451,1.032210,2.573549,-1.032210,2.130916
4.000000,0.436381,1.032858,2.563619,-1.032858,2.133590
4.100000,0.446213,1.033438,2.553787,-1.033438,2.135989
4.200000,0.455942,1.033943,2.544058,-1.033943,2.138078
4.300000,0.465563,1.034365,2.534437,-1.034365,2.139823
4.400000,0.475072,1.034695,2.524928,-1.034695,2.141189
4.500000,0.484462,1.034924,2.515538,-1.034924,2.142137
4.600000,0.493730,1.035043,2.506270,-1.035043,2.142630
4.700000,0.502869,1.035043,2.497131,-1.035043,2.142629
4.800000,0.511875,1.034914,2.488125,-1.034914,2.142094
4.900000,0.520743,1.034647,2.479257,-1.034647,2.140988
5.000000,0.529468,1.034231,2.470532,-1.034231,2.139269
5.100000,0.538046,1.033658,2.461954,-1.033658,2.136900
5.200000,0.546471,1.032919,2.453529,-1.032919,2.133841
5.300000,0.554739,1.032002,2.445261,-1.032002,2.130057
5.400000,0.562846,1.030901,2.437154,-1.030901,2.125512
5.500000,0.570788,1.029605,2.429212,-1.029605,2.120171
5.600000,0.578561,1.028106,2.421439,-1.028106,2.114005
5.700000,0.586162,1.026397,2.413838,-1.026397,2.106983
5.800000,0.593587,1.024470,2.406413,-1.024470,2.099079
5.900000,0.600833,1.022319,2.399167,-1.022319,2.090271
6.000000,0.607898,1.019936,2.392102,-1.019936,2.080540
6.100000,0.614779,1.017318,2.385221,-1.017318,2.069870
6.200000,0.621475,1.014458,2.378525,-1.014458,2.058249
6.300000,0.627983,1.011353,2.372017,-1.011353,2.045670
6.400000,0.634302,1.008001,2.365698,-1.008001,2.032131
6.500000,0.640432,1.004398,2.359568,-1.004398,2.017632
6.600000,0.646371,1.000545,2.353629,-1.000545,2.002179
6.700000,0.652119,0.996439,2.347881,-0.996439,1.985783
6.800000,0.657676,0.992083,2.342324,-0.992083,1.968458
6.900000,0.663043,0.987478,2.336957,-0.987478,1.950224
7.000000,0.668220,0.982625,2.331780,-0.982625,1.931104
7.100000,0.673208,0.977529,2.326792,-0.977529,1.911125
7.200000,0.678009,0.972193,2.321991,-0.972193,1.890318
7.300000,0.682623,0.966622,2.317377,-0.966622,1.868718
7.400000,0.687052,0.960823,2.312948,-0.960823,1.846363
7.500000,0.691300,0.954802,2.308700,-0.954802,1.823293
7.600000,0.695367,0.948565,2.304633,-0.948565,1.799551
7.700000,0.699256,0.942121,2.300744,-0.942121,1.775184
7.800000,0.702970,0.935478,2.297030,-0.935478,1.750238
7.900000,0.706512,0.928645,2.293488,-0.928645,1.724761
8.000000,0.709884,0.921630,2.290116,-0.921630,1.698805
8.100000,0.713091,0.914445,2.286909,-0.914445,1.672420
8.200000,0.716134,0.907099,2.283866,-0.907099,1.645656
8.300000,0.719018,0.899601,2.280982,-0.899601,1.618565
8.400000,0.721746,0.891963,2.278254,-0.891963,1.591198
8.500000,0.724322,0.884196,2.275678,-0.884196,1.563604
8.600000,0.726748,0.876309,2.273252,-0.876309,1.535834
8.700000,0.729030,0.868313,2.270970,-0.868313,1.507935
8.800000,0.731170,0.860220,2.268830,-0.860220,1.479956
8.900000,0.733173,0.852039,2.266827,-0.852039,1.451940
9.000000,0.735041,0.843781,2.264959,-0.843781,1.423933
9.100000,0.736780,0.835457,2.263220,-0.835457,1.395976
9.200000,0.738392,0.827076,2.261608,-0.827076,1.368109
9.300000,0.739882,0.818648,2.260118,-0.818648,1.340370
9.400000,0.741253,0.810184,2.258747,-0.810184,1.312795
9.500000,0.742509,0.801691,2.257491,-0.801691,1.285418
9.600000,0.743653,0.793180,2.256347,-0.793180,1.258269
9.700000,0.744690,0.784659,2.255310,-0.784659,1.231378
9.800000,0.745622,0.776135,2.254378,-0.776135,1.204772
9.900000,0.746454,0.767618,2.253546,-0.767618,1.178476
10.000000,0.747189,0.759115,2.252811,-0.759115,1.152511
10.100000,0.747831,0.750633,2.252169,-0.750633,1.126899
10.200000,0.748382,0.742178,2.251618,-0.742178,1.101656
10.300000,0.748846,0.733758,2.251154,-0.733758,1.076801
10.400000,0.749226,0.725378,2.250774,-0.725378,1.052346
10.500000,0.749526,0.717044,2.250474,-0.717044,1.028304
10.600000,0.749748,0.708762,2.250252,-0.708762,1.004686
10.700000,0.749896,0.700536,2.250104,-0.700536,0.981501
10.800000,0.749972,0.692371,2.250028,-0.692371,0.958755
10.900000,0.749980,0.684271,2.250020,-0.684271,0.936455
11.000000,0.749922,0.676241,2.250078,-0.676241,0.914605
11.100000,0.749801,0.668284,2.250199,-0.668284,0.893207
11.200000,0.749619,0.660403,2.250381,-0.660403,0.872265
11.300000,0.749380,0.652601,2.250620,-0.652601,0.851777
11.400000,0.749085,0.644882,2.250915,-0.644882,0.831745
11.500000,0.748737,0.637246,2.251263,-0.637246,0.812165
11.600000,0.748338,0.629697,2.251662,-0.629697,0.793037
11.700000,0.747891,0.622237,2.252109,-0.622237,0.774357
11.800000,0.747398,0.614866,2.252602,-0.614866,0.756122
11.900000,0.746861,0.607588,2.253139,-0.607588,0.738325
12.000000,0.746282,0.600402,2.253718,-0.600402,0.720964
12.100000,0.745662,0.593309,2.254338,-0.593309,0.704032
12.200000,0.745005,0.586311,2.254995,-0.586311,0.687522
12.300000,0.744311,0.579409,2.255689,-0.579409,0.671429
12.400000,0.743583,0.572602,2.256417,-0.572602,0.655746
12.500000,0.742822,0.565891,2.257178,-0.565891,0.640465
12.600000,0.742030,0.559276,2.257970,-0.559276,0.625579
12.700000,0.741209,0.552757,2.258791,-0.552757,0.611080
12.800000,0.740359,0.546334,2.259641,-0.546334,0.596962
12.900000,0.739483,0.540007,2.260517,-0.540007,0.583215
13.000000,0.738582,0.533775,2.261418,-0.533775,0.569832
13.100000,0.737658,0.527638,2.262342,-0.527638,0.556804
13.200000,0.736711,0.521596,2.263289,-0.521596,0.544125
13.300000,0.735743,0.515647,2.264257,-0.515647,0.531784
13.400000,0.734755,0.509792,2.265245,-0.509792,0.519775
13.500000,0.733748,0.504028,2.266252,-0.504028,0.508089
13.600000,0.732724,0.498357,2.267276,-0.498357,0.496719
13.700000,0.731684,0.492775,2.268316,-0.492775,0.485655
13.800000,0.730628,0.487284,2.269372,-0.487284,0.474891
13.900000,0.729558,0.481881,2.270442,-0.481881,0.464418
14.000000,0.728474,0.476565,2.271526,-0.476565,0.454229
14.100000,0.727377,0.471336,2.272623,-0.471336,0.444316
14.200000,0.726269,0.466193,2.273731,-0.466193,0.434671
14.300000,0.725150,0.461133,2.274850,-0.461133,0.425288
14.400000,0.724021,0.456157,2.275979,-0.456157,0.416158
14.500000,0.722883,0.451262,2.277117,-0.451262,0.407276
14.600000,0.721736,0.446449,2.278264,-0.446449,0.398633
14.700000,0.720582,0.441715,2.279418,-0.441715,0.390224
14.800000,0.719420,0.437059,2.280580,-0.437059,0.382041
14.900000,0.718252,0.432480,2.281748,-0.432480,0.374078
15.000000,0.717078,0.427977,2.282922,-0.427977,0.366329
15.100000,0.715899,0.423549,2.284101,-0.423549,0.358787
15.200000,0.714715,0.419194,2.285285,-0.419194,0.351447
15.300000,0.713527,0.414911,2.286473,-0.414911,0.344302
15.400000,0.712335,0.410699,2.287665,-0.410699,0.337347
15.500000,0.711140,0.406557,2.288860,-0.406557,0.330577
15.600000,0.709942,0.402483,2.290058,-0.402483,0.323986
15.700000,0.708742,0.398477,2.291258,-0.398477,0.317568
15.800000,0.707540,0.394537,2.292460,-0.394537,0.311318
15.900000,0.706337,0.390661,2.293663,-0.390661,0.305232
16.000000,0.705133,0.386850,2.294867,-0.386850,0.299305
16.100000,0.703928,0.383100,2.296072,-0.383100,0.293532
16.200000,0.702723,0.379413,2.297277,-0.379413,0.287908
16.300000,0.701517,0.375785,2.298483,-0.375785,0.282429
16.400000,0.700312,0.372217,2.299688,-0.372217,0.277091
16.500000,0.699108,0.368707,2.300892,-0.368707,0.271890
16.600000,0.697905,0.365254,2.302095,-0.365254,0.266821
16.700000,0.696703,0.361856,2.303297,-0.361856,0.261880
16.800000,0.695502,0.358514,2.304498,-0.358514,0.257064
16.900000,0.694303,0.355225,2.305697,-0.355225,0.252370
17.000000,0.693106,0.351989,2.306894,-0.351989,0.247793
17.100000,0.691911,0.348805,2.308089,-0.348805,0.243330
17.200000,0.690719,0.345671,2.309281,-0.345671,0.238977
17.300000,0.689529,0.342588,2.310471,-0.342588,0.234733
17.400000,0.688342,0.339553,2.311658,-0.339553,0.230592
17.500000,0.687158,0.336566,2.312842,-0.336566,0.226553
17.600000,0.685976,0.333626,2.314024,-0.333626,0.222612
17.700000,0.684798,0.330731,2.315202,-0.330731,0.218767
17.800000,0.683624,0.327882,2.316376,-0.327882,0.215014
17.900000,0.682453,0.325078,2.317547,-0.325078,0.211351
18.000000,0.681286,0.322317,2.318714,-0.322317,0.207776
18.100000,0.680122,0.319598,2.319878,-0.319598,0.204286
18.200000,0.678963,0.316921,2.321037,-0.316921,0.200878
18.300000,0.677807,0.314285,2.322193,-0.314285,0.197550
18.400000,0.676656,0.311689,2.323344,-0.311689,0.194300
18.500000,0.675509,0.309132,2.324491,-0.309132,0.191126
18.600000,0.674366,0.306614,2.325634,-0.306614,0.188025
18.700000,0.673227,0.304134,2.326773,-0.304134,0.184995
18.800000,0.672093,0.301691,2.327907,-0.301691,0.182035
18.900000,0.670964,0.299285,2.329036,-0.299285,0.179142
19.000000,0.669839,0.296914,2.330161,-0.296914,0.176315
19.100000,0.668719,0.294578,2.331281,-0.294578,0.173552
19.200000,0.667604,0.292276,2.332396,-0.292276,0.170851
19.300000,0.666493,0.290008,2.333507,-0.290008,0.168210
19.400000,0.665388,0.287773,2.334612,-0.287773,0.165627
19.500000,0.664287,0.285571,2.335713,-0.285571,0.163101
19.600000,0.663191,0.283400,2.336809,-0.283400,0.160631
19.700000,0.662100,0.281261,2.337900,-0.281261,0.158215
19.800000,0.661014,0.279152,2.338986,-0.279152,0.155851
19.900000,0.659933,0.277073,2.340067,-0.277073,0.153539
20.000000,0.658857,0.275023,2.341143,-0.275023,0.151275
20.100000,0.657786,0.273003,2.342214,-0.273003,0.149061
20.200000,0.656721,0.271010,2.343279,-0.271010,0.146893
20.300000,0.655660,0.269046,2.344340,-0.269046,0.144771
20.400000,0.654605,0.267108,2.345395,-0.267108,0.142694
20.500000,0.653554,0.265198,2.346446,-0.265198,0.140660
20.600000,0.652509,0.263314,2.347491,-0.263314,0.138668
20.700000,0.651469,0.261455,2.348531,-0.261455,0.136718
20.800000,0.650435,0.259622,2.349565,-0.259622,0.134808
20.900000,0.649405,0.257814,2.350595,-0.257814,0.132936
21.000000,0.648381,0.256030,2.351619,-0.256030,0.131103
21.100000,0.647361,0.254270,2.352639,-0.254270,0.129307
21.200000,0.646347,0.252534,2.353653,-0.252534,0.127547
21.300000,0.645338,0.250821,2.354662,-0.250821,0.125822
21.400000,0.644335,0.249130,2.355665,-0.249130,0.124131
21.500000,0.643336,0.247461,2.356664,-0.247461,0.122474
21.600000,0.642343,0.245815,2.357657,-0.245815,0.120850
21.700000,0.641354,0.244190,2.358646,-0.244190,0.119257
21.800000,0.640371,0.242585,2.359629,-0.242585,0.117695
21.900000,0.639393,0.241002,2.360607,-0.241002,0.116164
22.000000,0.638420,0.239439,2.361580,-0.239439,0.114662
22.100000,0.637452,0.237896,2.362548,-0.237896,0.113189
22.200000,0.636490,0.236372,2.363510,-0.236372,0.111744
22.300000,0.635532,0.234868,2.364468,-0.234868,0.110326
22.399999,0.634579,0.233383,2.365421,-0.233383,0.108935
22.499999,0.633631,0.231916,2.366369,-0.231916,0.107570
22.599999,0.632689,0.230467,2.367311,-0.230467,0.106230
22.699999,0.631751,0.229037,2.368249,-0.229037,0.104916
22.799999,0.630818,0.227624,2.369182,-0.227624,0.103625
22.899999,0.629891,0.226228,2.370109,-0.226228,0.102358
22.999999,0.628968,0.224850,2.371032,-0.224850,0.101115
23.099999,0.628050,0.223488,2.371950,-0.223488,0.099894
23.199999,0.627137,0.222142,2.372863,-0.222142,0.098694
23.299999,0.626228,0.220813,2.373772,-0.220813,0.097517
23.399999,0.625325,0.219500,2.374675,-0.219500,0.096360
23.499999,0.624426,0.218202,2.375574,-0.218202,0.095224
23.599999,0.623532,0.216920,2.376468,-0.216920,0.094109
23.699999,0.622643,0.215653,2.377357,-0.215653,0.093012
23.799999,0.621759,0.214401,2.378241,-0.214401,0.091935
23.899999,0.620879,0.213163,2.379121,-0.213163,0.090877
23.999999,0.620004,0.211940,2.379996,-0.211940,0.089837
24.099999,0.619134,0.210730,2.380866,-0.210730,0.088815
24.199999,0.618268,0.209535,2.381732,-0.209535,0.087810
24.299999,0.617407,0.208354,2.382593,-0.208354,0.086822
24.399999,0.616550,0.207185,2.383450,-0.207185,0.085852
24.499999,0.615698,0.206031,2.384302,-0.206031,0.084897
24.599999,0.614851,0.204889,2.385149,-0.204889,0.083959
24.699999,0.614008,0.203760,2.385992,-0.203760,0.083036
24.799999,0.613169,0.202643,2.386831,-0.202643,0.082129
24.899999,0.612335,0.201539,2.387665,-0.201539,0.081236
24.999999,0.611505,0.200447,2.388495,-0.200447,0.080358
25.099999,0.610680,0.199368,2.389320,-0.199368,0.079495
25.199999,0.609859,0.198300,2.390141,-0.198300,0.078646
25.299999,0.609042,0.197243,2.390958,-0.197243,0.077810
25.399999,0.608229,0.196199,2.391771,-0.196199,0.076988
25.499999,0.607421,0.195165,2.392579,-0.195165,0.076179
25.599999,0.606617,0.194143,2.393383,-0.194143,0.075383
25.699999,0.605817,0.193131,2.394183,-0.193131,0.074599
25.799999,0.605022,0.192130,2.394978,-0.192130,0.073828
25.899999,0.604230,0.191140,2.395770,-0.191140,0.073069
25.999999,0.603443,0.190161,2.396557,-0.190161,0.072322
26.099999,0.602660,0.189191,2.397340,-0.189191,0.071587
26.199999,0.601880,0.188232,2.398120,-0.188232,0.070862
26.299999,0.601105,0.187283,2.398895,-0.187283,0.070149
26.399999,0.600334,0.186343,2.399666,-0.186343,0.069447
26.499999,0.599567,0.185413,2.400433,-0.185413,0.068756
26.599999,0.598803,0.184493,2.401197,-0.184493,0.068075
26.699999,0.598044,0.183582,2.401956,-0.183582,0.067405
26.799999,0.597289,0.182680,2.402711,-0.182680,0.066744
26.899999,0.596537,0.181788,2.403463,-0.181788,0.066094
26.999999,0.595789,0.180904,2.404211,-0.180904,0.065453
27.099999,0.595045,0.180030,2.404955,-0.180030,0.064821
27.199999,0.594305,0.179164,2.405695,-0.179164,0.064199
27.299999,0.593569,0.178306,2.406431,-0.178306,0.063586
27.399999,0.592836,0.177457,2.407164,-0.177457,0.062982
27.499999,0.592107,0.176617,2.407893,-0.176617,0.062387
27.599999,0.591381,0.175784,2.408619,-0.175784,0.061800
27.699999,0.590660,0.174960,2.409340,-0.174960,0.061222
27.799999,0.589942,0.174144,2.410058,-0.174144,0.060652
27.899999,0.589227,0.173336,2.410773,-0.173336,0.060090
27.999999,0.588516,0.172535,2.411484,-0.172535,0.059537
28.099999,0.587809,0.171742,2.412191,-0.171742,0.058991
28.199999,0.587105,0.170957,2.412895,-0.170957,0.058452
28.299999,0.586405,0.170179,2.413595,-0.170179,0.057922
28.399999,0.585708,0.169408,2.414292,-0.169408,0.057398
28.499999,0.585014,0.168645,2.414986,-0.168645,0.056882
28.599999,0.584324,0.167889,2.415676,-0.167889,0.056373
28.699999,0.583637,0.167140,2.416363,-0.167140,0.055871
28.799999,0.582954,0.166397,2.417046,-0.166397,0.055376
28.899999,0.582274,0.165662,2.417726,-0.165662,0.054888
28.999999,0.581597,0.164934,2.418403,-0.164934,0.054406
29.099999,0.580924,0.164212,2.419076,-0.164212,0.053931
29.199999,0.580254,0.163496,2.419746,-0.163496,0.053462
29.299999,0.579587,0.162787,2.420413,-0.162787,0.053000
29.399999,0.578923,0.162085,2.421077,-0.162085,0.052543
29.499999,0.578263,0.161389,2.421737,-0.161389,0.052093
29.599999,0.577605,0.160699,2.422395,-0.160699,0.051648
29.699999,0.576951,0.160015,2.423049,-0.160015,0.051210
29.799999,0.576300,0.159338,2.423700,-0.159338,0.050777
29.899999,0.575652,0.158666,2.424348,-0.158666,0.050350
29.999999,0.575007,0.158000,2.424993,-0.158000,0.049928
30.099999,0.574366,0.157341,2.425634,-0.157341,0.049512
30.199999,0.573727,0.156686,2.426273,-0.156686,0.049101
30.299999,0.573091,0.156038,2.426909,-0.156038,0.048696
30.399999,0.572458,0.155395,2.427542,-0.155395,0.048295
30.499999,0.571829,0.154758,2.428171,-0.154758,0.047900
30.599999,0.571202,0.154126,2.428798,-0.154126,0.047510
30.699999,0.570578,0.153500,2.429422,-0.153500,0.047124
30.799999,0.569957,0.152879,2.430043,-0.152879,0.046744
30.899999,0.569338,0.152263,2.430662,-0.152263,0.046368
30.999999,0.568723,0.151652,2.431277,-0.151652,0.045997
31.099999,0.568111,0.151047,2.431889,-0.151047,0.045630
31.199999,0.567501,0.150446,2.432499,-0.150446,0.045268
31.299999,0.566894,0.149851,2.433106,-0.149851,0.044911
31.399999,0.566290,0.149261,2.433710,-0.149261,0.044557
31.499999,0.565689,0.148675,2.434311,-0.148675,0.044209
31.599999,0.565090,0.148094,2.434910,-0.148094,0.043864
31.699999,0.564494,0.147518,2.435506,-0.147518,0.043523
31.799999,0.563901,0.146947,2.436099,-0.146947,0.043187
31.899999,0.563310,0.146380,2.436690,-0.146380,0.042854
31.999999,0.562723,0.145818,2.437277,-0.145818,0.042526
32.099999,0.562137,0.145261,2.437863,-0.145261,0.042202
32.199999,0.561555,0.144708,2.438445,-0.144708,0.041881
32.299999,0.560975,0.144159,2.439025,-0.144159,0.041564
32.399999,0.560397,0.143615,2.439603,-0.143615,0.041251
32.499999,0.559822,0.143075,2.440178,-0.143075,0.040941
32.599999,0.559250,0.142540,2.440750,-0.142540,0.040635
32.699999,0.558680,0.142009,2.441320,-0.142009,0.040333
32.799999,0.558113,0.141481,2.441887,-0.141481,0.040034
32.899999,0.557548,0.140958,2.442452,-0.140958,0.039739
32.999999,0.556986,0.140439,2.443014,-0.140439,0.039446
33.099999,0.556426,0.139924,2.443574,-0.139924,0.039158
33.199999,0.555868,0.139413,2.444132,-0.139413,0.038872
33.299999,0.555313,0.138906,2.444687,-0.138906,0.038590
33.399999,0.554761,0.138403,2.445239,-0.138403,0.038311
33.499999,0.554210,0.137904,2.445790,-0.137904,0.038035
33.599999,0.553662,0.137409,2.446338,-0.137409,0.037762
33.699999,0.553117,0.136917,2.446883,-0.136917,0.037492
33.799999,0.552574,0.136429,2.447426,-0.136429,0.037226
33.899999,0.552033,0.135945,2.447967,-0.135945,0.036962
33.999999,0.551494,0.135464,2.448506,-0.135464,0.036701
34.099999,0.550958,0.134987,2.449042,-0.134987,0.036443
34.199999,0.550424,0.134513,2.449576,-0.134513,0.036188
34.299999,0.549892,0.134043,2.450108,-0.134043,0.035935
34.399999,0.549362,0.133577,2.450638,-0.133577,0.035685
34.499999,0.548835,0.133114,2.451165,-0.133114,0.035438
34.599999,0.548310,0.132654,2.451690,-0.132654,0.035194
34.699999,0.547787,0.132197,2.452213,-0.132197,0.034952
34.799999,0.547266,0.131744,2.452734,-0.131744,0.034713
34.899999,0.546747,0.131295,2.453253,-0.131295,0.034477
34.999999,0.546231,0.130848,2.453769,-0.130848,0.034242
35.099999,0.545717,0.130405,2.454283,-0.130405,0.034011
35.199999,0.545204,0.129965,2.454796,-0.129965,0.033782
35.299999,0.544694,0.129528,2.455306,-0.129528,0.033555
35.399999,0.544186,0.129094,2.455814,-0.129094,0.033330
35.499999,0.543680,0.128663,2.456320,-0.128663,0.033108
35.599999,0.543176,0.128235,2.456824,-0.128235,0.032889
35.699999,0.542674,0.127811,2.457326,-0.127811,0.032671
35.799999,0.542174,0.127389,2.457826,-0.127389,0.032456
35.899999,0.541676,0.126970,2.458324,-0.126970,0.032243
35.999999,0.541181,0.126554,2.458819,-0.126554,0.032032
36.099999,0.540687,0.126141,2.459313,-0.126141,0.031823
36.199999,0.540195,0.125731,2.459805,-0.125731,0.031617
36.299999,0.539705,0.125324,2.460295,-0.125324,0.031412
36.399999,0.539217,0.124919,2.460783,-0.124919,0.031210
36.499999,0.538731,0.124518,2.461269,-0.124518,0.031009
36.599999,0.538247,0.124119,2.461753,-0.124119,0.030811
36.699999,0.537764,0.123723,2.462236,-0.123723,0.030615
36.799999,0.537284,0.123329,2.462716,-0.123329,0.030420
36.899999,0.536806,0.122938,2.463194,-0.122938,0.030228
36.999999,0.536329,0.122550,2.463671,-0.122550,0.030037
37.099999,0.535854,0.122164,2.464146,-0.122164,0.029848
37.199999,0.535381,0.121781,2.464619,-0.121781,0.029661
37.299999,0.534910,0.121400,2.465090,-0.121400,0.029476
37.399999,0.534441,0.121022,2.465559,-0.121022,0.029293
37.499999,0.533974,0.120647,2.466026,-0.120647,0.029111
37.599999,0.533508,0.120274,2.466492,-0.120274,0.028932
37.699999,0.533044,0.119903,2.466956,-0.119903,0.028754
37.799999,0.532582,0.119535,2.467418,-0.119535,0.028577
37.899999,0.532122,0.119169,2.467878,-0.119169,0.028403
37.999999,0.531663,0.118806,2.468337,-0.118806,0.028230
38.099999,0.531206,0.118445,2.468794,-0.118445,0.028058
38.199999,0.530751,0.118086,2.469249,-0.118086,0.027889
38.299999,0.530298,0.117730,2.469702,-0.117730,0.027721
38.399999,0.529846,0.117376,2.470154,-0.117376,0.027554
38.499999,0.529396,0.117024,2.470604,-0.117024,0.027389
38.599999,0.528947,0.116674,2.471053,-0.116674,0.027226
38.699999,0.528501,0.116327,2.471499,-0.116327,0.027064
38.799999,0.528056,0.115982,2.471944,-0.115982,0.026904
38.899999,0.527612,0.115639,2.472388,-0.115639,0.026745
38.999999,0.527171,0.115298,2.472829,-0.115298,0.026587
39.099999,0.526731,0.114959,2.473269,-0.114959,0.026431
39.199999,0.526292,0.114623,2.473708,-0.114623,0.026277
39.299999,0.525855,0.114288,2.474145,-0.114288,0.026124
39.399999,0.525420,0.113956,2.474580,-0.113956,0.025972
39.499999,0.524986,0.113626,2.475014,-0.113626,0.025822
39.599999,0.524554,0.113297,2.475446,-0.113297,0.025673
39.699999,0.524123,0.112971,2.475877,-0.112971,0.025525
39.799999,0.523694,0.112647,2.476306,-0.112647,0.025379
39.899999,0.523267,0.112325,2.476733,-0.112325,0.025234
39.999999,0.522841,0.112004,2.477159,-0.112004,0.025090
40.099999,0.522417,0.111686,2.477583,-0.111686,0.024947
40.199999,0.521994,0.111369,2.478006,-0.111369,0.024806
40.299999,0.521572,0.111055,2.478428,-0.111055,0.024666
40.399999,0.521153,0.110742,2.478847,-0.110742,0.024528
40.499999,0.520734,0.110431,2.479266,-0.110431,0.024390
40.599999,0.520317,0.110123,2.479683,-0.110123,0.024254
40.699999,0.519902,0.109815,2.480098,-0.109815,0.024119
40.799999,0.519488,0.109510,2.480512,-0.109510,0.023985
40.899999,0.519075,0.109207,2.480925,-0.109207,0.023852
40.999999,0.518664,0.108905,2.481336,-0.108905,0.023721
41.099999,0.518255,0.108605,2.481745,-0.108605,0.023590
41.199999,0.517846,0.108307,2.482154,-0.108307,0.023461
41.299999,0.517439,0.108011,2.482561,-0.108011,0.023333
41.399999,0.517034,0.107716,2.482966,-0.107716,0.023206
41.499999,0.516630,0.107423,2.483370,-0.107423,0.023080
41.599999,0.516227,0.107132,2.483773,-0.107132,0.022955
41.699999,0.515826,0.106842,2.484174,-0.106842,0.022831
41.799999,0.515426,0.106555,2.484574,-0.106555,0.022708
41.899999,0.515028,0.106268,2.484972,-0.106268,0.022586
41.999999,0.514631,0.105984,2.485369,-0.105984,0.022465
42.099999,0.514235,0.105701,2.485765,-0.105701,0.022345
42.199999,0.513841,0.105420,2.486159,-0.105420,0.022227
42.299999,0.513447,0.105140,2.486553,-0.105140,0.022109
42.399999,0.513056,0.104862,2.486944,-0.104862,0.021992
42.499999,0.512665,0.104585,2.487335,-0.104585,0.021876
42.599999,0.512276,0.104310,2.487724,-0.104310,0.021761
42.699999,0.511888,0.104037,2.488112,-0.104037,0.021647
42.799999,0.511502,0.103765,2.488498,-0.103765,0.021534
42.899999,0.511116,0.103494,2.488884,-0.103494,0.021422
42.999999,0.510732,0.103225,2.489268,-0.103225,0.021311
43.099999,0.510350,0.102958,2.489650,-0.102958,0.021201
43.199999,0.509968,0.102692,2.490032,-0.102692,0.021091
43.299999,0.509588,0.102427,2.490412,-0.102427,0.020983
43.399999,0.509209,0.102164,2.490791,-0.102164,0.020875
43.499999,0.508831,0.101903,2.491169,-0.101903,0.020768
43.599999,0.508455,0.101642,2.491545,-0.101642,0.020662
43.699999,0.508079,0.101384,2.491921,-0.101384,0.020557
43.799999,0.507705,0.101126,2.492295,-0.101126,0.020453
43.899999,0.507332,0.100870,2.492668,-0.100870,0.020350
43.999999,0.506961,0.100616,2.493039,-0.100616,0.020247
44.099999,0.506590,0.100363,2.493410,-0.100363,0.020145
44.199999,0.506221,0.100111,2.493779,-0.100111,0.020044
44.299999,0.505853,0.099860,2.494147,-0.099860,0.019944
44.399999,0.505486,0.099611,2.494514,-0.099611,0.019845
44.499999,0.505121,0.099363,2.494879,-0.099363,0.019746
44.599999,0.504756,0.099117,2.495244,-0.099117,0.019648
44.699999,0.504393,0.098872,2.495607,-0.098872,0.019551
44.799999,0.504030,0.098628,2.495970,-0.098628,0.019455
44.899999,0.503669,0.098385,2.496331,-0.098385,0.019359
44.999999,0.503309,0.098144,2.496691,-0.098144,0.019264
45.099999,0.502951,0.097904,2.497049,-0.097904,0.019170
45.199999,0.502593,0.097665,2.497407,-0.097665,0.019077
45.299999,0.502236,0.097427,2.497764,-0.097427,0.018984
45.399999,0.501881,0.097191,2.498119,-0.097191,0.018892
45.499999,0.501526,0.096956,2.498474,-0.096956,0.018801
45.599999,0.501173,0.096722,2.498827,-0.096722,0.018710
45.699999,0.500821,0.096489,2.499179,-0.096489,0.018620
45.799999,0.500470,0.096258,2.499530,-0.096258,0.018531
45.899999,0.500120,0.096027,2.499880,-0.096027,0.018443
45.999999,0.499771,0.095798,2.500229,-0.095798,0.018355
46.099999,0.499423,0.095570,2.500577,-0.095570,0.018267
46.199999,0.499076,0.095343,2.500924,-0.095343,0.018181
46.299999,0.498731,0.095118,2.501269,-0.095118,0.018095
46.399999,0.498386,0.094893,2.501614,-0.094893,0.018009
46.499999,0.498042,0.094670,2.501958,-0.094670,0.017925
46.599999,0.497700,0.094448,2.502300,-0.094448,0.017841
46.699999,0.497358,0.094226,2.502642,-0.094226,0.017757
46.799999,0.497018,0.094006,2.502982,-0.094006,0.017674
46.899999,0.496678,0.093787,2.503322,-0.093787,0.017592
46.999999,0.496340,0.093570,2.503660,-0.093570,0.017511
47.099999,0.496002,0.093353,2.503998,-0.093353,0.017429
47.199999,0.495666,0.093137,2.504334,-0.093137,0.017349
47.299999,0.495330,0.092922,2.504670,-0.092922,0.017269
47.399999,0.494996,0.092709,2.505004,-0.092709,0.017190
47.499999,0.494662,0.092496,2.505338,-0.092496,0.017111
47.599999,0.494330,0.092285,2.505670,-0.092285,0.017033
47.699999,0.493998,0.092074,2.506002,-0.092074,0.016955
47.799999,0.493668,0.091865,2.506332,-0.091865,0.016878
47.899999,0.493338,0.091656,2.506662,-0.091656,0.016802
47.999999,0.493010,0.091449,2.506990,-0.091449,0.016726
48.099999,0.492682,0.091243,2.507318,-0.091243,0.016650
48.199999,0.492355,0.091037,2.507645,-0.091037,0.016576
48.299999,0.492029,0.090833,2.507971,-0.090833,0.016501
48.399999,0.491705,0.090629,2.508295,-0.090629,0.016427
48.499999,0.491381,0.090427,2.508619,-0.090427,0.016354
48.599999,0.491058,0.090225,2.508942,-0.090225,0.016281
48.699999,0.490736,0.090025,2.509264,-0.090025,0.016209
48.799999,0.490415,0.089825,2.509585,-0.089825,0.016137
48.899999,0.490095,0.089627,2.509905,-0.089627,0.016066
48.999999,0.489775,0.089429,2.510225,-0.089429,0.015995
49.099999,0.489457,0.089232,2.510543,-0.089232,0.015925
49.199999,0.489140,0.089036,2.510860,-0.089036,0.015855
49.299999,0.488823,0.088841,2.511177,-0.088841,0.015786
49.399999,0.488508,0.088647,2.511492,-0.088647,0.015717
49.499999,0.488193,0.088454,2.511807,-0.088454,0.015648
49.599999,0.487879,0.088262,2.512121,-0.088262,0.015580
49.699999,0.487566,0.088071,2.512434,-0.088071,0.015513
49.799999,0.487254,0.087880,2.512746,-0.087880,0.015446
49.899999,0.486943,0.087691,2.513057,-0.087691,0.015379
49.999999,0.486632,0.087502,2.513368,-0.087502,0.015313
50.099999,0.486323,0.087314,2.513677,-0.087314,0.015248
50.199999,0.486014,0.087127,2.513986,-0.087127,0.015182
50.299999,0.485707,0.086941,2.514293,-0.086941,0.015118
50.399999,0.485400,0.086756,2.514600,-0.086756,0.015053
50.499999,0.485094,0.086572,2.514906,-0.086572,0.014989
50.599999,0.484788,0.086388,2.515212,-0.086388,0.014926
50.699999,0.484484,0.086205,2.515516,-0.086205,0.014863
50.799999,0.484180,0.086023,2.515820,-0.086023,0.014800
50.899999,0.483878,0.085842,2.516122,-0.085842,0.014738
50.999999,0.483576,0.085662,2.516424,-0.085662,0.014676
51.099999,0.483275,0.085483,2.516725,-0.085483,0.014615
51.199999,0.482974,0.085304,2.517026,-0.085304,0.014554
51.299999,0.482675,0.085126,2.517325,-0.085126,0.014493
51.399999,0.482376,0.084949,2.517624,-0.084949,0.014433
51.499999,0.482079,0.084773,2.517921,-0.084773,0.014373
51.599999,0.481781,0.084597,2.518219,-0.084597,0.014313
51.699999,0.481485,0.084422,2.518515,-0.084422,0.014254
51.799999,0.481190,0.084249,2.518810,-0.084249,0.014196
51.899999,0.480895,0.084075,2.519105,-0.084075,0.014137
51.999999,0.480601,0.083903,2.519399,-0.083903,0.014079
52.099999,0.480308,0.083731,2.519692,-0.083731,0.014022
52.199999,0.480016,0.083560,2.519984,-0.083560,0.013965
52.299999,0.479724,0.083390,2.520276,-0.083390,0.013908
52.399999,0.479434,0.083221,2.520566,-0.083221,0.013851
52.499999,0.479144,0.083052,2.520856,-0.083052,0.013795
52.599999,0.478854,0.082884,2.521146,-0.082884,0.013740
52.699999,0.478566,0.082717,2.521434,-0.082717,0.013684
52.799999,0.478278,0.082550,2.521722,-0.082550,0.013629
52.899999,0.477991,0.082384,2.522009,-0.082384,0.013574
52.999999,0.477705,0.082219,2.522295,-0.082219,0.013520
53.099999,0.477420,0.082055,2.522580,-0.082055,0.013466
53.199999,0.477135,0.081891,2.522865,-0.081891,0.013412
53.299999,0.476851,0.081728,2.523149,-0.081728,0.013359
53.399999,0.476568,0.081566,2.523432,-0.081566,0.013306
53.499999,0.476285,0.081404,2.523715,-0.081404,0.013253
53.599999,0.476003,0.081244,2.523997,-0.081244,0.013201
53.699999,0.475722,0.081083,2.524278,-0.081083,0.013149
53.799999,0.475442,0.080924,2.524558,-0.080924,0.013097
53.899999,0.475162,0.080765,2.524838,-0.080765,0.013046
53.999999,0.474883,0.080607,2.525117,-0.080607,0.012995
54.099999,0.474605,0.080449,2.525395,-0.080449,0.012944
54.199999,0.474328,0.080292,2.525672,-0.080292,0.012894
54.299999,0.474051,0.080136,2.525949,-0.080136,0.012844
54.399999,0.473775,0.079980,2.526225,-0.079980,0.012794
54.499999,0.473499,0.079825,2.526501,-0.079825,0.012744
54.599999,0.473225,0.079671,2.526775,-0.079671,0.012695
54.699999,0.472951,0.079517,2.527049,-0.079517,0.012646
54.799999,0.472677,0.079364,2.527323,-0.079364,0.012597
54.899999,0.472405,0.079212,2.527595,-0.079212,0.012549
54.999999,0.472133,0.079060,2.527867,-0.079060,0.012501
55.099999,0.471861,0.078909,2.528139,-0.078909,0.012453
55.199999,0.471591,0.078758,2.528409,-0.078758,0.012406
55.299999,0.471321,0.078608,2.528679,-0.078608,0.012359
55.399999,0.471051,0.078459,2.528949,-0.078459,0.012312
55.499999,0.470783,0.078310,2.529217,-0.078310,0.012265
55.599999,0.470515,0.078162,2.529485,-0.078162,0.012219
55.699999,0.470248,0.078015,2.529752,-0.078015,0.012173
55.799999,0.469981,0.077868,2.530019,-0.077868,0.012127
55.899999,0.469715,0.077722,2.530285,-0.077722,0.012081
55.999999,0.469450,0.077576,2.530550,-0.077576,0.012036
56.099999,0.469185,0.077431,2.530815,-0.077431,0.011991
56.199999,0.468921,0.077286,2.531079,-0.077286,0.011946
56.299999,0.468658,0.077142,2.531342,-0.077142,0.011902
56.399999,0.468395,0.076999,2.531605,-0.076999,0.011858
56.499999,0.468133,0.076856,2.531867,-0.076856,0.011814
56.599999,0.467871,0.076713,2.532129,-0.076713,0.011770
56.699999,0.467610,0.076572,2.532390,-0.076572,0.011726
56.799999,0.467350,0.076431,2.532650,-0.076431,0.011683
56.899999,0.467090,0.076290,2.532910,-0.076290,0.011640
56.999999,0.466831,0.076150,2.533169,-0.076150,0.011598
57.099999,0.466573,0.076010,2.533427,-0.076010,0.011555
57.199999,0.466315,0.075871,2.533685,-0.075871,0.011513
57.299999,0.466058,0.075733,2.533942,-0.075733,0.011471
57.399999,0.465802,0.075595,2.534198,-0.075595,0.011429
57.499999,0.465546,0.075458,2.534454,-0.075458,0.011388
57.599999,0.465290,0.075321,2.534710,-0.075321,0.011346
57.699999,0.465036,0.075185,2.534964,-0.075185,0.011305
57.799999,0.464782,0.075049,2.535218,-0.075049,0.011265
57.899999,0.464528,0.074914,2.535472,-0.074914,0.011224
57.999999,0.464275,0.074779,2.535725,-0.074779,0.011184
58.099999,0.464023,0.074645,2.535977,-0.074645,0.011144
58.199999,0.463771,0.074511,2.536229,-0.074511,0.011104
58.299999,0.463520,0.074378,2.536480,-0.074378,0.011064
58.399999,0.463269,0.074245,2.536731,-0.074245,0.011025
58.499999,0.463019,0.074113,2.536981,-0.074113,0.010985
58.599999,0.462770,0.073981,2.537230,-0.073981,0.010946
58.699999,0.462521,0.073850,2.537479,-0.073850,0.010908
58.799999,0.462273,0.073720,2.537727,-0.073720,0.010869
58.899999,0.462025,0.073589,2.537975,-0.073589,0.010831
58.999999,0.461778,0.073460,2.538222,-0.073460,0.010793
59.099999,0.461532,0.073330,2.538468,-0.073330,0.010755
59.199999,0.461286,0.073202,2.538714,-0.073202,0.010717
59.299999,0.461040,0.073074,2.538960,-0.073074,0.010679
59.399999,0.460795,0.072946,2.539205,-0.072946,0.010642
59.499999,0.460551,0.072819,2.539449,-0.072819,0.010605
59.599999,0.460307,0.072692,2.539693,-0.072692,0.010568
59.699999,0.460064,0.072565,2.539936,-0.072565,0.010531
59.799999,0.459821,0.072440,2.540179,-0.072440,0.010495
59.899999,0.459579,0.072314,2.540421,-0.072314,0.010459
59.999999,0.459338,0.072189,2.540662,-0.072189,0.010423
60.099999,0.459097,0.072065,2.540903,-0.072065,0.010387
60.199999,0.458856,0.071941,2.541144,-0.071941,0.010351
60.299999,0.458616,0.071817,2.541384,-0.071817,0.010315
60.399999,0.458377,0.071694,2.541623,-0.071694,0.010280
60.499999,0.458138,0.071572,2.541862,-0.071572,0.010245
60.599999,0.457900,0.071449,2.542100,-0.071449,0.010210
60.699999,0.457662,0.071328,2.542338,-0.071328,0.010175
60.799999,0.457425,0.071206,2.542575,-0.071206,0.010141
60.899999,0.457188,0.071085,2.542812,-0.071085,0.010106
60.999999,0.456952,0.070965,2.543048,-0.070965,0.010072
61.099999,0.456716,0.070845,2.543284,-0.070845,0.010038
61.199999,0.456481,0.070725,2.543519,-0.070725,0.010004
61.299999,0.456246,0.070606,2.543754,-0.070606,0.009971
61.399999,0.456012,0.070488,2.543988,-0.070488,0.009937
61.499999,0.455778,0.070369,2.544222,-0.070369,0.009904
61.599999,0.455545,0.070251,2.544455,-0.070251,0.009871
61.699999,0.455312,0.070134,2.544688,-0.070134,0.009838
61.799999,0.455080,0.070017,2.544920,-0.070017,0.009805
61.899999,0.454849,0.069900,2.545151,-0.069900,0.009772
61.999999,0.454618,0.069784,2.545382,-0.069784,0.009740
62.099999,0.454387,0.069668,2.545613,-0.069668,0.009707
62.199999,0.454157,0.069553,2.545843,-0.069553,0.009675
62.299999,0.453927,0.069438,2.546073,-0.069438,0.009643
62.399999,0.453698,0.069324,2.546302,-0.069324,0.009612
62.499999,0.453470,0.069209,2.546530,-0.069209,0.009580
62.599999,0.453241,0.069096,2.546759,-0.069096,0.009548
62.699999,0.453014,0.068982,2.546986,-0.068982,0.009517
62.799999,0.452787,0.068869,2.547213,-0.068869,0.009486
62.899999,0.452560,0.068757,2.547440,-0.068757,0.009455
62.999999,0.452334,0.068645,2.547666,-0.068645,0.009424
63.099999,0.452108,0.068533,2.547892,-0.068533,0.009394
63.199999,0.451883,0.068422,2.548117,-0.068422,0.009363
63.299999,0.451658,0.068311,2.548342,-0.068311,0.009333
63.399999,0.451434,0.068200,2.548566,-0.068200,0.009302
63.499999,0.451210,0.068090,2.548790,-0.068090,0.009272
63.599999,0.450987,0.067980,2.549013,-0.067980,0.009243
63.699999,0.450764,0.067870,2.549236,-0.067870,0.009213
63.799999,0.450541,0.067761,2.549459,-0.067761,0.009183
63.899999,0.450319,0.067653,2.549681,-0.067653,0.009154
63.999999,0.450098,0.067544,2.549902,-0.067544,0.009124
64.099999,0.449877,0.067436,2.550123,-0.067436,0.009095
64.199999,0.449656,0.067329,2.550344,-0.067329,0.009066
64.299999,0.449436,0.067221,2.550564,-0.067221,0.009037
64.399999,0.449217,0.067115,2.550783,-0.067115,0.009009
64.499999,0.448997,0.067008,2.551003,-0.067008,0.008980
64.599999,0.448779,0.066902,2.551221,-0.066902,0.008952
64.699999,0.448560,0.066796,2.551440,-0.066796,0.008923
64.799999,0.448342,0.066691,2.551658,-0.066691,0.008895
64.899999,0.448125,0.066586,2.551875,-0.066586,0.008867
64.999999,0.447908,0.066481,2.552092,-0.066481,0.008839
65.099999,0.447692,0.066376,2.552308,-0.066376,0.008812
65.199999,0.447476,0.066272,2.552524,-0.066272,0.008784
65.299999,0.447260,0.066169,2.552740,-0.066169,0.008757
65.399999,0.447045,0.066065,2.552955,-0.066065,0.008729
65.499999,0.446830,0.065962,2.553170,-0.065962,0.008702
65.599999,0.446616,0.065860,2.553384,-0.065860,0.008675
65.699999,0.446402,0.065757,2.553598,-0.065757,0.008648
65.799999,0.446188,0.065656,2.553812,-0.065656,0.008621
65.899999,0.445975,0.065554,2.554025,-0.065554,0.008595
65.999999,0.445763,0.065453,2.554237,-0.065453,0.008568
66.099999,0.445551,0.065352,2.554449,-0.065352,0.008542
66.199999,0.445339,0.065251,2.554661,-0.065251,0.008515
66.299999,0.445128,0.065151,2.554872,-0.065151,0.008489
66.399999,0.444917,0.065051,2.555083,-0.065051,0.008463
66.499999,0.444706,0.064951,2.555294,-0.064951,0.008437
66.599999,0.444496,0.064852,2.555504,-0.064852,0.008411
66.699999,0.444287,0.064753,2.555713,-0.064753,0.008386
66.799999,0.444077,0.064654,2.555923,-0.064654,0.008360
66.899999,0.443869,0.064556,2.556131,-0.064556,0.008335
66.999999,0.443660,0.064458,2.556340,-0.064458,0.008310
67.099999,0.443452,0.064360,2.556548,-0.064360,0.008284
67.199998,0.443245,0.064263,2.556755,-0.064263,0.008259
67.299998,0.443038,0.064165,2.556962,-0.064165,0.008234
67.399998,0.442831,0.064069,2.557169,-0.064069,0.008210
67.499998,0.442624,0.063972,2.557376,-0.063972,0.008185
67.599998,0.442419,0.063876,2.557581,-0.063876,0.008160
67.699998,0.442213,0.063780,2.557787,-0.063780,0.008136
67.799998,0.442008,0.063685,2.557992,-0.063685,0.008111
67.899998,0.441803,0.063589,2.558197,-0.063589,0.008087
67.999998,0.441599,0.063495,2.558401,-0.063495,0.008063
68.099998,0.441395,0.063400,2.558605,-0.063400,0.008039
68.199998,0.441191,0.063306,2.558809,-0.063306,0.008015
68.299998,0.440988,0.063212,2.559012,-0.063212,0.007991
68.399998,0.440785,0.063118,2.559215,-0.063118,0.007968
68.499998,0.440583,0.063024,2.559417,-0.063024,0.007944
68.599998,0.440381,0.062931,2.559619,-0.062931,0.007921
68.699998,0.440179,0.062838,2.559821,-0.062838,0.007897
68.799998,0.439978,0.062746,2.560022,-0.062746,0.007874
68.899998,0.439777,0.062654,2.560223,-0.062654,0.007851
68.999998,0.439577,0.062562,2.560423,-0.062562,0.007828
69.099998,0.439377,0.062470,2.560623,-0.062470,0.007805
69.199998,0.439177,0.062379,2.560823,-0.062379,0.007782
69.299998,0.438978,0.062287,2.561022,-0.062287,0.007759
69.399998,0.438779,0.062197,2.561221,-0.062197,0.007737
69.499998,0.438581,0.062106,2.561419,-0.062106,0.007714
69.599998,0.438382,0.062016,2.561618,-0.062016,0.007692
69.699998,0.438185,0.061926,2.561815,-0.061926,0.007670
69.799998,0.437987,0.061836,2.562013,-0.061836,0.007647
69.899998,0.437790,0.061747,2.562210,-0.061747,0.007625
69.999998,0.437593,0.061657,2.562407,-0.061657,0.007603
70.099998,0.437397,0.061569,2.562603,-0.061569,0.007581
70.199998,0.437201,0.061480,2.562799,-0.061480,0.007560
70.299998,0.437006,0.061392,2.562994,-0.061392,0.007538
70.399998,0.436810,0.061304,2.563190,-0.061304,0.007516
70.499998,0.436616,0.061216,2.563384,-0.061216,0.007495
70.599998,0.436421,0.061128,2.563579,-0.061128,0.007473
70.699998,0.436227,0.061041,2.563773,-0.061041,0.007452
70.799998,0.436033,0.060954,2.563967,-0.060954,0.007431
70.899998,0.435840,0.060867,2.564160,-0.060867,0.007410
70.999998,0.435647,0.060781,2.564353,-0.060781,0.007389
71.099998,0.435454,0.060695,2.564546,-0.060695,0.007368
71.199998,0.435262,0.060609,2.564738,-0.060609,0.007347
71.299998,0.435070,0.060523,2.564930,-0.060523,0.007326
71.399998,0.434878,0.060437,2.565122,-0.060437,0.007305
71.499998,0.434687,0.060352,2.565313,-0.060352,0.007285
71.599998,0.434496,0.060267,2.565504,-0.060267,0.007264
71.699998,0.434305,0.060183,2.565695,-0.060183,0.007244
71.799998,0.434115,0.060098,2.565885,-0.060098,0.007224
71.899998,0.433925,0.060014,2.566075,-0.060014,0.007203
71.999998,0.433736,0.059930,2.566264,-0.059930,0.007183
72.099998,0.433547,0.059847,2.566453,-0.059847,0.007163
72.199998,0.433358,0.059763,2.566642,-0.059763,0.007143
72.299998,0.433169,0.059680,2.566831,-0.059680,0.007123
72.399998,0.432981,0.059597,2.567019,-0.059597,0.007104
72.499998,0.432793,0.059514,2.567207,-0.059514,0.007084
72.599998,0.432606,0.059432,2.567394,-0.059432,0.007064
72.699998,0.432419,0.059350,2.567581,-0.059350,0.007045
72.799998,0.432232,0.059268,2.567768,-0.059268,0.007025
72.899998,0.432045,0.059186,2.567955,-0.059186,0.007006
72.999998,0.431859,0.059105,2.568141,-0.059105,0.006987
73.099998,0.431673,0.059023,2.568327,-0.059023,0.006968
73.199998,0.431488,0.058942,2.568512,-0.058942,0.006948
73.299998,0.431303,0.058862,2.568697,-0.058862,0.006929
73.399998,0.431118,0.058781,2.568882,-0.058781,0.006910
73.499998,0.430933,0.058701,2.569067,-0.058701,0.006892
73.599998,0.430749,0.058621,2.569251,-0.058621,0.006873
73.699998,0.430565,0.058541,2.569435,-0.058541,0.006854
73.799998,0.430382,0.058462,2.569618,-0.058462,0.006835
73.899998,0.430199,0.058382,2.569801,-0.058382,0.006817
73.999998,0.430016,0.058303,2.569984,-0.058303,0.006798
74.099998,0.429833,0.058224,2.570167,-0.058224,0.006780
74.199998,0.429651,0.058145,2.570349,-0.058145,0.006762
74.299998,0.429469,0.058067,2.570531,-0.058067,0.006744
74.399998,0.429287,0.057989,2.570713,-0.057989,0.006725
74.499998,0.429106,0.057911,2.570894,-0.057911,0.006707
74.599998,0.428925,0.057833,2.571075,-0.057833,0.006689
74.699998,0.428744,0.057756,2.571256,-0.057756,0.006671
74.799998,0.428564,0.057678,2.571436,-0.057678,0.006654
74.899998,0.428384,0.057601,2.571616,-0.057601,0.006636
74.999998,0.428204,0.057524,2.571796,-0.057524,0.006618
75.099998,0.428025,0.057448,2.571975,-0.057448,0.006600
75.199998,0.427846,0.057371,2.572154,-0.057371,0.006583
75.299998,0.427667,0.057295,2.572333,-0.057295,0.006565
75.399998,0.427489,0.057219,2.572511,-0.057219,0.006548
75.499998,0.427310,0.057143,2.572690,-0.057143,0.006531
75.599998,0.427133,0.057067,2.572867,-0.057067,0.006513
75.699998,0.426955,0.056992,2.573045,-0.056992,0.006496
75.799998,0.426778,0.056917,2.573222,-0.056917,0.006479
75.899998,0.426601,0.056842,2.573399,-0.056842,0.006462
75.999998,0.426424,0.056767,2.573576,-0.056767,0.006445
76.099998,0.426248,0.056693,2.573752,-0.056693,0.006428
76.199998,0.426072,0.056618,2.573928,-0.056618,0.006411
76.299998,0.425896,0.056544,2.574104,-0.056544,0.006395
76.399998,0.425721,0.056470,2.574279,-0.056470,0.006378
76.499998,0.425545,0.056397,2.574455,-0.056397,0.006361
76.599998,0.425371,0.056323,2.574629,-0.056323,0.006345
76.699998,0.425196,0.056250,2.574804,-0.056250,0.006328
76.799998,0.425022,0.056177,2.574978,-0.056177,0.006312
76.899998,0.424848,0.056104,2.575152,-0.056104,0.006295
76.999998,0.424674,0.056031,2.575326,-0.056031,0.006279
77.099998,0.424501,0.055959,2.575499,-0.055959,0.006263
77.199998,0.424328,0.055886,2.575672,-0.055886,0.006247
77.299998,0.424155,0.055814,2.575845,-0.055814,0.006230
77.399998,0.423982,0.055742,2.576018,-0.055742,0.006214
77.499998,0.423810,0.055671,2.576190,-0.055671,0.006198
77.599998,0.423638,0.055599,2.576362,-0.055599,0.006183
77.699998,0.423466,0.055528,2.576534,-0.055528,0.006167
77.799998,0.423295,0.055457,2.576705,-0.055457,0.006151
77.899998,0.423124,0.055386,2.576876,-0.055386,0.006135
77.999998,0.422953,0.055315,2.577047,-0.055315,0.006120
78.099998,0.422782,0.055245,2.577218,-0.055245,0.006104
78.199998,0.422612,0.055174,2.577388,-0.055174,0.006088
78.299998,0.422442,0.055104,2.577558,-0.055104,0.006073
78.399998,0.422273,0.055034,2.577727,-0.055034,0.006058
78.499998,0.422103,0.054964,2.577897,-0.054964,0.006042
78.599998,0.421934,0.054895,2.578066,-0.054895,0.006027
78.699998,0.421765,0.054825,2.578235,-0.054825,0.006012
78.799998,0.421597,0.054756,2.578403,-0.054756,0.005996
78.899998,0.421428,0.054687,2.578572,-0.054687,0.005981
78.999998,0.421260,0.054618,2.578740,-0.054618,0.005966
79.099998,0.421092,0.054550,2.578908,-0.054550,0.005951
79.199998,0.420925,0.054481,2.579075,-0.054481,0.005936
79.299998,0.420758,0.054413,2.579242,-0.054413,0.005922
79.399998,0.420591,0.054345,2.579409,-0.054345,0.005907
79.499998,0.420424,0.054277,2.579576,-0.054277,0.005892
79.599998,0.420258,0.054209,2.579742,-0.054209,0.005877
79.699998,0.420092,0.054142,2.579908,-0.054142,0.005863
79.799998,0.419926,0.054074,2.580074,-0.054074,0.005848
79.899998,0.419760,0.054007,2.580240,-0.054007,0.005834
79.999998,0.419595,0.053940,2.580405,-0.053940,0.005819
80.099998,0.419430,0.053873,2.580570,-0.053873,0.005805
80.199998,0.419265,0.053806,2.580735,-0.053806,0.005790
80.299998,0.419100,0.053740,2.580900,-0.053740,0.005776
80.399998,0.418936,0.053674,2.581064,-0.053674,0.005762
80.499998,0.418772,0.053607,2.581228,-0.053607,0.005748
80.599998,0.418608,0.053541,2.581392,-0.053541,0.005733
80.699998,0.418445,0.053476,2.581555,-0.053476,0.005719
80.799998,0.418281,0.053410,2.581719,-0.053410,0.005705
80.899998,0.418118,0.053345,2.581882,-0.053345,0.005691
80.999998,0.417956,0.053279,2.582044,-0.053279,0.005677
81.099998,0.417793,0.053214,2.582207,-0.053214,0.005663
81.199998,0.417631,0.053149,2.582369,-0.053149,0.005650
81.299998,0.417469,0.053084,2.582531,-0.053084,0.005636
81.399998,0.417307,0.053020,2.582693,-0.053020,0.005622
81.499998,0.417146,0.052955,2.582854,-0.052955,0.005609
81.599998,0.416985,0.052891,2.583015,-0.052891,0.005595
81.699998,0.416824,0.052827,2.583176,-0.052827,0.005581
81.799998,0.416663,0.052763,2.583337,-0.052763,0.005568
81.899998,0.416503,0.052699,2.583497,-0.052699,0.005554
81.999998,0.416342,0.052636,2.583658,-0.052636,0.005541
82.099998,0.416183,0.052572,2.583817,-0.052572,0.005528
82.199998,0.416023,0.052509,2.583977,-0.052509,0.005514
82.299998,0.415863,0.052446,2.584137,-0.052446,0.005501
82.399998,0.415704,0.052383,2.584296,-0.052383,0.005488
82.499998,0.415545,0.052320,2.584455,-0.052320,0.005475
82.599998,0.415387,0.052257,2.584613,-0.052257,0.005462
82.699998,0.415228,0.052195,2.584772,-0.052195,0.005449
82.799998,0.415070,0.052132,2.584930,-0.052132,0.005436
82.899998,0.414912,0.052070,2.585088,-0.052070,0.005423
82.999998,0.414754,0.052008,2.585246,-0.052008,0.005410
83.099998,0.414597,0.051946,2.585403,-0.051946,0.005397
83.199998,0.414439,0.051885,2.585561,-0.051885,0.005384
83.299998,0.414282,0.051823,2.585718,-0.051823,0.005371
83.399998,0.414126,0.051762,2.585874,-0.051762,0.005359
83.499998,0.413969,0.051700,2.586031,-0.051700,0.005346
83.599998,0.413813,0.051639,2.586187,-0.051639,0.005333
83.699998,0.413657,0.051578,2.586343,-0.051578,0.005321
83.799998,0.413501,0.051518,2.586499,-0.051518,0.005308
83.899998,0.413345,0.051457,2.586655,-0.051457,0.005296
83.999998,0.413190,0.051397,2.586810,-0.051397,0.005283
84.099998,0.413035,0.051336,2.586965,-0.051336,0.005271
84.199998,0.412880,0.051276,2.587120,-0.051276,0.005258
84.299998,0.412726,0.051216,2.587274,-0.051216,0.005246
84.399998,0.412571,0.051156,2.587429,-0.051156,0.005234
84.499998,0.412417,0.051096,2.587583,-0.051096,0.005222
84.599998,0.412263,0.051037,2.587737,-0.051037,0.005210
84.699998,0.412109,0.050977,2.587891,-0.050977,0.005197
84.799998,0.411956,0.050918,2.588044,-0.050918,0.005185
84.899998,0.411803,0.050859,2.588197,-0.050859,0.005173
84.999998,0.411650,0.050800,2.588350,-0.050800,0.005161
85.099998,0.411497,0.050741,2.588503,-0.050741,0.005149
85.199998,0.411344,0.050682,2.588656,-0.050682,0.005137
85.299998,0.411192,0.050624,2.588808,-0.050624,0.005126
85.399998,0.411040,0.050565,2.588960,-0.050565,0.005114
85.499998,0.410888,0.050507,2.589112,-0.050507,0.005102
85.599998,0.410736,0.050449,2.589264,-0.050449,0.005090
85.699998,0.410585,0.050391,2.589415,-0.050391,0.005079
85.799998,0.410434,0.050333,2.589566,-0.050333,0.005067
85.899998,0.410283,0.050275,2.589717,-0.050275,0.005055
85.999998,0.410132,0.050218,2.589868,-0.050218,0.005044
86.099998,0.409981,0.050160,2.590019,-0.050160,0.005032
86.199998,0.409831,0.050103,2.590169,-0.050103,0.005021
86.299998,0.409681,0.050046,2.590319,-0.050046,0.005009
86.399998,0.409531,0.049989,2.590469,-0.049989,0.004998
86.499998,0.409381,0.049932,2.590619,-0.049932,0.004986
86.599998,0.409232,0.049875,2.590768,-0.049875,0.004975
86.699998,0.409083,0.049819,2.590917,-0.049819,0.004964
86.799998,0.408934,0.049762,2.591066,-0.049762,0.004953
86.899998,0.408785,0.049706,2.591215,-0.049706,0.004941
86.999998,0.408636,0.049650,2.591364,-0.049650,0.004930
87.099998,0.408488,0.049594,2.591512,-0.049594,0.004919
87.199998,0.408340,0.049538,2.591660,-0.049538,0.004908
87.299998,0.408192,0.049482,2.591808,-0.049482,0.004897
87.399998,0.408044,0.049426,2.591956,-0.049426,0.004886
87.499998,0.407897,0.049371,2.592103,-0.049371,0.004875
87.599998,0.407750,0.049316,2.592250,-0.049316,0.004864
87.699998,0.407602,0.049260,2.592398,-0.049260,0.004853
87.799998,0.407456,0.049205,2.592544,-0.049205,0.004842
87.899998,0.407309,0.049150,2.592691,-0.049150,0.004831
87.999998,0.407163,0.049095,2.592837,-0.049095,0.004821
88.099998,0.407016,0.049041,2.592984,-0.049041,0.004810
88.199998,0.406870,0.048986,2.593130,-0.048986,0.004799
88.299998,0.406724,0.048931,2.593276,-0.048931,0.004789
88.399998,0.406579,0.048877,2.593421,-0.048877,0.004778
88.499998,0.406433,0.048823,2.593567,-0.048823,0.004767
88.599998,0.406288,0.048769,2.593712,-0.048769,0.004757
88.699998,0.406143,0.048715,2.593857,-0.048715,0.004746
88.799998,0.405999,0.048661,2.594001,-0.048661,0.004736
88.899998,0.405854,0.048607,2.594146,-0.048607,0.004725
88.999998,0.405710,0.048554,2.594290,-0.048554,0.004715
89.099998,0.405565,0.048500,2.594435,-0.048500,0.004705
89.199998,0.405422,0.048447,2.594578,-0.048447,0.004694
89.299998,0.405278,0.048394,2.594722,-0.048394,0.004684
89.399998,0.405134,0.048341,2.594866,-0.048341,0.004674
89.499998,0.404991,0.048288,2.595009,-0.048288,0.004663
89.599998,0.404848,0.048235,2.595152,-0.048235,0.004653
89.699998,0.404705,0.048182,2.595295,-0.048182,0.004643
89.799998,0.404562,0.048130,2.595438,-0.048130,0.004633
89.899998,0.404420,0.048077,2.595580,-0.048077,0.004623
89.999998,0.404277,0.048025,2.595723,-0.048025,0.004613
90.099998,0.404135,0.047973,2.595865,-0.047973,0.004603
90.199998,0.403993,0.047920,2.596007,-0.047920,0.004593
90.299998,0.403851,0.047868,2.596149,-0.047868,0.004583
90.399998,0.403710,0.047817,2.596290,-0.047817,0.004573
90.499998,0.403568,0.047765,2.596432,-0.047765,0.004563
90.599998,0.403427,0.047713,2.596573,-0.047713,0.004553
90.699998,0.403286,0.047662,2.596714,-0.047662,0.004543
90.799998,0.403146,0.047610,2.596854,-0.047610,0.004533
90.899998,0.403005,0.047559,2.596995,-0.047559,0.004524
90.999998,0.402865,0.047508,2.597135,-0.047508,0.004514
91.099998,0.402724,0.047457,2.597276,-0.047457,0.004504
91.199998,0.402585,0.047406,2.597415,-0.047406,0.004495
91.299998,0.402445,0.047355,2.597555,-0.047355,0.004485
91.399998,0.402305,0.047304,2.597695,-0.047304,0.004475
91.499998,0.402166,0.047254,2.597834,-0.047254,0.004466
91.599998,0.402026,0.047203,2.597974,-0.047203,0.004456
91.699998,0.401887,0.047153,2.598113,-0.047153,0.004447
91.799998,0.401749,0.047103,2.598251,-0.047103,0.004437
91.899998,0.401610,0.047053,2.598390,-0.047053,0.004428
91.999998,0.401472,0.047003,2.598528,-0.047003,0.004418
92.099998,0.401333,0.046953,2.598667,-0.046953,0.004409
92.199998,0.401195,0.046903,2.598805,-0.046903,0.004400
92.299998,0.401057,0.046853,2.598943,-0.046853,0.004390
92.399998,0.400920,0.046804,2.599080,-0.046804,0.004381
92.499998,0.400782,0.046754,2.599218,-0.046754,0.004372
92.599998,0.400645,0.046705,2.599355,-0.046705,0.004363
92.699998,0.400508,0.046656,2.599492,-0.046656,0.004353
92.799998,0.400371,0.046607,2.599629,-0.046607,0.004344
92.899998,0.400234,0.046558,2.599766,-0.046558,0.004335
92.999998,0.400097,0.046509,2.599903,-0.046509,0.004326
93.099998,0.399961,0.046460,2.600039,-0.046460,0.004317
93.199998,0.399825,0.046411,2.600175,-0.046411,0.004308
93.299998,0.399689,0.046363,2.600311,-0.046363,0.004299
93.399998,0.399553,0.046314,2.600447,-0.046314,0.004290
93.499998,0.399417,0.046266,2.600583,-0.046266,0.004281
93.599998,0.399281,0.046217,2.600719,-0.046217,0.004272
93.699998,0.399146,0.046169,2.600854,-0.046169,0.004263
93.799998,0.399011,0.046121,2.600989,-0.046121,0.004254
93.899998,0.398876,0.046073,2.601124,-0.046073,0.004246
93.999998,0.398741,0.046026,2.601259,-0.046026,0.004237
94.099998,0.398607,0.045978,2.601393,-0.045978,0.004228
94.199998,0.398472,0.045930,2.601528,-0.045930,0.004219
94.299998,0.398338,0.045883,2.601662,-0.045883,0.004210
94.399998,0.398204,0.045835,2.601796,-0.045835,0.004202
94.499998,0.398070,0.045788,2.601930,-0.045788,0.004193
94.599998,0.397936,0.045741,2.602064,-0.045741,0.004184
94.699998,0.397803,0.045694,2.602197,-0.045694,0.004176
94.799998,0.397669,0.045647,2.602331,-0.045647,0.004167
94.899998,0.397536,0.045600,2.602464,-0.045600,0.004159
94.999998,0.397403,0.045553,2.602597,-0.045553,0.004150
95.099998,0.397270,0.045506,2.602730,-0.045506,0.004142
95.199998,0.397138,0.045460,2.602862,-0.045460,0.004133
95.299998,0.397005,0.045413,2.602995,-0.045413,0.004125
95.399998,0.396873,0.045367,2.603127,-0.045367,0.004116
95.499998,0.396741,0.045321,2.603259,-0.045321,0.004108
95.599998,0.396609,0.045274,2.603391,-0.045274,0.004100
95.699998,0.396477,0.045228,2.603523,-0.045228,0.004091
95.799998,0.396345,0.045182,2.603655,-0.045182,0.004083
95.899998,0.396214,0.045136,2.603786,-0.045136,0.004075
95.999998,0.396083,0.045091,2.603917,-0.045091,0.004066
96.099998,0.395952,0.045045,2.604048,-0.045045,0.004058
96.199998,0.395821,0.044999,2.604179,-0.044999,0.004050
96.299998,0.395690,0.044954,2.604310,-0.044954,0.004042
96.399998,0.395559,0.044908,2.604441,-0.044908,0.004034
96.499998,0.395429,0.044863,2.604571,-0.044863,0.004025
96.599998,0.395299,0.044818,2.604701,-0.044818,0.004017
96.699998,0.395169,0.044773,2.604831,-0.044773,0.004009
96.799998,0.395039,0.044728,2.604961,-0.044728,0.004001
96.899998,0.394909,0.044683,2.605091,-0.044683,0.003993
96.999998,0.394779,0.044638,2.605221,-0.044638,0.003985
97.099998,0.394650,0.044593,2.605350,-0.044593,0.003977
97.199998,0.394521,0.044549,2.605479,-0.044549,0.003969
97.299998,0.394391,0.044504,2.605609,-0.044504,0.003961
97.399998,0.394262,0.044460,2.605738,-0.044460,0.003953
97.499998,0.394134,0.044415,2.605866,-0.044415,0.003945
97.599998,0.394005,0.044371,2.605995,-0.044371,0.003938
97.699998,0.393877,0.044327,2.606123,-0.044327,0.003930
97.799998,0.393748,0.044283,2.606252,-0.044283,0.003922
97.899998,0.393620,0.044239,2.606380,-0.044239,0.003914
97.999998,0.393492,0.044195,2.606508,-0.044195,0.003906
98.099998,0.393365,0.044151,2.606635,-0.044151,0.003899
98.199998,0.393237,0.044108,2.606763,-0.044108,0.003891
98.299998,0.393109,0.044064,2.606891,-0.044064,0.003883
98.399998,0.392982,0.044020,2.607018,-0.044020,0.003876
98.499998,0.392855,0.043977,2.607145,-0.043977,0.003868
98.599998,0.392728,0.043934,2.607272,-0.043934,0.003860
98.699998,0.392601,0.043891,2.607399,-0.043891,0.003853
98.799998,0.392474,0.043847,2.607526,-0.043847,0.003845
98.899998,0.392348,0.043804,2.607652,-0.043804,0.003838
98.999998,0.392222,0.043761,2.607778,-0.043761,0.003830
99.099998,0.392095,0.043718,2.607905,-0.043718,0.003823
99.199998,0.391969,0.043676,2.608031,-0.043676,0.003815
99.299998,0.391844,0.043633,2.608156,-0.043633,0.003808
99.399998,0.391718,0.043590,2.608282,-0.043590,0.003800
99.499998,0.391592,0.043548,2.608408,-0.043548,0.003793
99.599998,0.391467,0.043505,2.608533,-0.043505,0.003785
99.699998,0.391342,0.043463,2.608658,-0.043463,0.003778
99.799998,0.391216,0.043421,2.608784,-0.043421,0.003771
99.899998,0.391092,0.043379,2.608908,-0.043379,0.003763
99.999998,0.390967,0.043336,2.609033,-0.043336,0.003756
