# Two Dipoles. Viscous opposite moments. $\\Reyn=4$, $x(0)=3$
# Commit: 2026-06-04-2-g5a5da60-dirty
# KinematicViscosity: 0.25
# TauMode: ConstPi32 τ = 1/π^(3/2)
# Date: 2026-06-10 04:21:57
time,d1_rx,d1_mx,d2_rx,d2_mx,sum_zeta_square
0.000000,0.000000,1.000000,3.000000,-1.000000,2.000000
0.100000,0.011376,1.000592,2.988624,-1.000592,2.002368
0.200000,0.022746,1.001202,2.977254,-1.001202,2.004811
0.300000,0.034107,1.001831,2.965893,-1.001831,2.007331
0.400000,0.045460,1.002480,2.954540,-1.002480,2.009931
0.500000,0.056805,1.003149,2.943195,-1.003149,2.012615
0.600000,0.068142,1.003839,2.931858,-1.003839,2.015385
0.700000,0.079469,1.004551,2.920531,-1.004551,2.018244
0.800000,0.090787,1.005285,2.909213,-1.005285,2.021196
0.900000,0.102095,1.006043,2.897905,-1.006043,2.024244
1.000000,0.113393,1.006824,2.886607,-1.006824,2.027390
1.100000,0.124681,1.007631,2.875319,-1.007631,2.030640
1.200000,0.135957,1.008463,2.864043,-1.008463,2.033995
1.300000,0.147222,1.009322,2.852778,-1.009322,2.037460
1.400000,0.158475,1.010208,2.841525,-1.010208,2.041039
1.500000,0.169715,1.011122,2.830285,-1.011122,2.044735
1.600000,0.180942,1.012065,2.819058,-1.012065,2.048552
1.700000,0.192155,1.013038,2.807845,-1.013038,2.052494
1.800000,0.203354,1.014043,2.796646,-1.014043,2.056565
1.900000,0.214537,1.015078,2.785463,-1.015078,2.060769
2.000000,0.225705,1.016147,2.774295,-1.016147,2.065110
2.100000,0.236855,1.017249,2.763145,-1.017249,2.069592
2.200000,0.247989,1.018386,2.752011,-1.018386,2.074219
2.300000,0.259103,1.019558,2.740897,-1.019558,2.078995
2.400000,0.270199,1.020766,2.729801,-1.020766,2.083925
2.500000,0.281274,1.022011,2.718726,-1.022011,2.089013
2.600000,0.292327,1.023294,2.707673,-1.023294,2.094261
2.700000,0.303359,1.024616,2.696641,-1.024616,2.099675
2.800000,0.314366,1.025977,2.685634,-1.025977,2.105257
2.900000,0.325349,1.027378,2.674651,-1.027378,2.111013
3.000000,0.336305,1.028821,2.663695,-1.028821,2.116944
3.100000,0.347234,1.030304,2.652766,-1.030304,2.123054
3.200000,0.358134,1.031830,2.641866,-1.031830,2.129347
3.300000,0.369004,1.033399,2.630996,-1.033399,2.135826
3.400000,0.379842,1.035010,2.620158,-1.035010,2.142492
3.500000,0.390646,1.036665,2.609354,-1.036665,2.149348
3.600000,0.401415,1.038363,2.598585,-1.038363,2.156396
3.700000,0.412146,1.040105,2.587854,-1.040105,2.163638
3.800000,0.422839,1.041891,2.577161,-1.041891,2.171074
3.900000,0.433491,1.043720,2.566509,-1.043720,2.178705
4.000000,0.444100,1.045593,2.555900,-1.045593,2.186530
4.100000,0.454664,1.047509,2.545336,-1.047509,2.194550
4.200000,0.465181,1.049467,2.534819,-1.049467,2.202763
4.300000,0.475648,1.051467,2.524352,-1.051467,2.211167
4.400000,0.486064,1.053508,2.513936,-1.053508,2.219760
4.500000,0.496426,1.055589,2.503574,-1.055589,2.228537
4.600000,0.506732,1.057709,2.493268,-1.057709,2.237495
4.700000,0.516978,1.059865,2.483022,-1.059865,2.246629
4.800000,0.527164,1.062058,2.472836,-1.062058,2.255933
4.900000,0.537285,1.064284,2.462715,-1.064284,2.265399
5.000000,0.547339,1.066541,2.452661,-1.066541,2.275020
5.100000,0.557325,1.068828,2.442675,-1.068828,2.284787
5.200000,0.567238,1.071142,2.432762,-1.071142,2.294689
5.300000,0.577076,1.073479,2.422924,-1.073479,2.304715
5.400000,0.586838,1.075838,2.413162,-1.075838,2.314854
5.500000,0.596519,1.078214,2.403481,-1.078214,2.325091
5.600000,0.606117,1.080605,2.393883,-1.080605,2.335412
5.700000,0.615629,1.083006,2.384371,-1.083006,2.345802
5.800000,0.625053,1.085413,2.374947,-1.085413,2.356243
5.900000,0.634387,1.087823,2.365613,-1.087823,2.366717
6.000000,0.643626,1.090231,2.356374,-1.090231,2.377206
6.100000,0.652769,1.092632,2.347231,-1.092632,2.387688
6.200000,0.661813,1.095021,2.338187,-1.095021,2.398143
6.300000,0.670756,1.097394,2.329244,-1.097394,2.408548
6.400000,0.679596,1.099745,2.320404,-1.099745,2.418879
6.500000,0.688329,1.102069,2.311671,-1.102069,2.429113
6.600000,0.696953,1.104361,2.303047,-1.104361,2.439224
6.700000,0.705468,1.106613,2.294532,-1.106613,2.449186
6.800000,0.713869,1.108822,2.286131,-1.108822,2.458973
6.900000,0.722157,1.110981,2.277843,-1.110981,2.468557
7.000000,0.730327,1.113084,2.269673,-1.113084,2.477910
7.100000,0.738380,1.115124,2.261620,-1.115124,2.487004
7.200000,0.746313,1.117097,2.253687,-1.117097,2.495810
7.300000,0.754125,1.118995,2.245875,-1.118995,2.504300
7.400000,0.761815,1.120813,2.238185,-1.120813,2.512445
7.500000,0.769381,1.122545,2.230619,-1.122545,2.520216
7.600000,0.776822,1.124185,2.223178,-1.124185,2.527583
7.700000,0.784137,1.125726,2.215863,-1.125726,2.534520
7.800000,0.791326,1.127164,2.208674,-1.127164,2.540997
7.900000,0.798388,1.128492,2.201612,-1.128492,2.546987
8.000000,0.805323,1.129704,2.194677,-1.129704,2.552463
8.100000,0.812129,1.130796,2.187871,-1.130796,2.557399
8.200000,0.818808,1.131762,2.181192,-1.131762,2.561770
8.300000,0.825358,1.132597,2.174642,-1.132597,2.565551
8.400000,0.831780,1.133296,2.168220,-1.133296,2.568720
8.500000,0.838073,1.133855,2.161927,-1.133855,2.571253
8.600000,0.844239,1.134269,2.155761,-1.134269,2.573131
8.700000,0.850277,1.134534,2.149723,-1.134534,2.574334
8.800000,0.856188,1.134646,2.143812,-1.134646,2.574843
8.900000,0.861973,1.134602,2.138027,-1.134602,2.574643
9.000000,0.867632,1.134398,2.132368,-1.134398,2.573718
9.100000,0.873166,1.134032,2.126834,-1.134032,2.572055
9.200000,0.878576,1.133500,2.121424,-1.133500,2.569643
9.300000,0.883862,1.132800,2.116138,-1.132800,2.566471
9.400000,0.889027,1.131930,2.110973,-1.131930,2.562531
9.500000,0.894071,1.130888,2.105929,-1.130888,2.557817
9.600000,0.898994,1.129674,2.101006,-1.129674,2.552324
9.700000,0.903799,1.128284,2.096201,-1.128284,2.546049
9.800000,0.908487,1.126719,2.091513,-1.126719,2.538991
9.900000,0.913059,1.124978,2.086941,-1.124978,2.531150
10.000000,0.917516,1.123060,2.082484,-1.123060,2.522529
10.100000,0.921860,1.120966,2.078140,-1.120966,2.513131
10.200000,0.926092,1.118696,2.073908,-1.118696,2.502961
10.300000,0.930214,1.116250,2.069786,-1.116250,2.492028
10.400000,0.934227,1.113629,2.065773,-1.113629,2.480339
10.500000,0.938134,1.110834,2.061866,-1.110834,2.467906
10.600000,0.941934,1.107867,2.058066,-1.107867,2.454738
10.700000,0.945631,1.104728,2.054369,-1.104728,2.440850
10.800000,0.949225,1.101421,2.050775,-1.101421,2.426255
10.900000,0.952719,1.097946,2.047281,-1.097946,2.410970
11.000000,0.956113,1.094306,2.043887,-1.094306,2.395010
11.100000,0.959410,1.090503,2.040590,-1.090503,2.378394
11.200000,0.962611,1.086540,2.037389,-1.086540,2.361140
11.300000,0.965717,1.082420,2.034283,-1.082420,2.343268
11.400000,0.968731,1.078146,2.031269,-1.078146,2.324799
11.500000,0.971654,1.073721,2.028346,-1.073721,2.305753
11.600000,0.974487,1.069148,2.025513,-1.069148,2.286153
11.700000,0.977232,1.064430,2.022768,-1.064430,2.266021
11.800000,0.979891,1.059571,2.020109,-1.059571,2.245381
11.900000,0.982465,1.054575,2.017535,-1.054575,2.224256
12.000000,0.984956,1.049445,2.015044,-1.049445,2.202670
12.100000,0.987365,1.044186,2.012635,-1.044186,2.180648
12.200000,0.989694,1.038801,2.010306,-1.038801,2.158213
12.300000,0.991944,1.033294,2.008056,-1.033294,2.135391
12.400000,0.994117,1.027669,2.005883,-1.027669,2.112206
12.500000,0.996215,1.021930,2.003785,-1.021930,2.088683
12.600000,0.998238,1.016083,2.001762,-1.016083,2.064847
12.700000,1.000187,1.010129,1.999813,-1.010129,2.040723
12.800000,1.002066,1.004075,1.997934,-1.004075,2.016334
12.900000,1.003874,0.997924,1.996126,-0.997924,1.991706
13.000000,1.005613,0.991681,1.994387,-0.991681,1.966863
13.100000,1.007285,0.985349,1.992715,-0.985349,1.941827
13.200000,1.008891,0.978934,1.991109,-0.978934,1.916623
13.300000,1.010432,0.972439,1.989568,-0.972439,1.891273
13.400000,1.011909,0.965868,1.988091,-0.965868,1.865801
13.500000,1.013324,0.959226,1.986676,-0.959226,1.840228
13.600000,1.014678,0.952517,1.985322,-0.952517,1.814576
13.700000,1.015972,0.945745,1.984028,-0.945745,1.788866
13.800000,1.017207,0.938914,1.982793,-0.938914,1.763119
13.900000,1.018384,0.932028,1.981616,-0.932028,1.737354
14.000000,1.019505,0.925092,1.980495,-0.925092,1.711591
14.100000,1.020571,0.918109,1.979429,-0.918109,1.685850
14.200000,1.021582,0.911084,1.978418,-0.911084,1.660147
14.300000,1.022541,0.904019,1.977459,-0.904019,1.634501
14.400000,1.023447,0.896919,1.976553,-0.896919,1.608928
14.500000,1.024301,0.889788,1.975699,-0.889788,1.583445
14.600000,1.025106,0.882629,1.974894,-0.882629,1.558067
14.700000,1.025862,0.875446,1.974138,-0.875446,1.532810
14.800000,1.026570,0.868242,1.973430,-0.868242,1.507687
14.900000,1.027230,0.861020,1.972770,-0.861020,1.482713
15.000000,1.027844,0.853785,1.972156,-0.853785,1.457899
15.100000,1.028413,0.846540,1.971587,-0.846540,1.433258
15.200000,1.028938,0.839286,1.971062,-0.839286,1.408803
15.300000,1.029419,0.832029,1.970581,-0.832029,1.384544
15.400000,1.029857,0.824770,1.970143,-0.824770,1.360490
15.500000,1.030253,0.817512,1.969747,-0.817512,1.336653
15.600000,1.030609,0.810260,1.969391,-0.810260,1.313041
15.700000,1.030924,0.803014,1.969076,-0.803014,1.289663
15.800000,1.031200,0.795778,1.968800,-0.795778,1.266527
15.900000,1.031438,0.788555,1.968562,-0.788555,1.243639
16.000000,1.031638,0.781347,1.968362,-0.781347,1.221007
16.100000,1.031801,0.774157,1.968199,-0.774157,1.198637
16.200000,1.031927,0.766986,1.968073,-0.766986,1.176534
16.300000,1.032018,0.759837,1.967982,-0.759837,1.154704
16.400000,1.032074,0.752712,1.967926,-0.752712,1.133152
16.500000,1.032096,0.745614,1.967904,-0.745614,1.111881
16.600000,1.032085,0.738544,1.967915,-0.738544,1.090895
16.700000,1.032041,0.731505,1.967959,-0.731505,1.070198
16.800000,1.031965,0.724497,1.968035,-0.724497,1.049792
16.900000,1.031857,0.717524,1.968143,-0.717524,1.029680
17.000000,1.031719,0.710586,1.968281,-0.710586,1.009864
17.100000,1.031551,0.703685,1.968449,-0.703685,0.990345
17.200000,1.031353,0.696823,1.968647,-0.696823,0.971124
17.300000,1.031126,0.690001,1.968874,-0.690001,0.952203
17.400000,1.030871,0.683221,1.969129,-0.683221,0.933582
17.500000,1.030589,0.676484,1.969411,-0.676484,0.915260
17.600000,1.030279,0.669791,1.969721,-0.669791,0.897239
17.700000,1.029942,0.663143,1.970058,-0.663143,0.879517
17.800000,1.029580,0.656541,1.970420,-0.656541,0.862093
17.900000,1.029192,0.649988,1.970808,-0.649988,0.844968
18.000000,1.028780,0.643482,1.971220,-0.643482,0.828139
18.100000,1.028343,0.637027,1.971657,-0.637027,0.811606
18.200000,1.027882,0.630621,1.972118,-0.630621,0.795366
18.300000,1.027398,0.624267,1.972602,-0.624267,0.779418
18.400000,1.026891,0.617964,1.973109,-0.617964,0.763759
18.500000,1.026361,0.611714,1.973639,-0.611714,0.748388
18.600000,1.025810,0.605517,1.974190,-0.605517,0.733302
18.700000,1.025238,0.599374,1.974762,-0.599374,0.718498
18.800000,1.024645,0.593285,1.975355,-0.593285,0.703974
18.900000,1.024031,0.587251,1.975969,-0.587251,0.689727
19.000000,1.023397,0.581272,1.976603,-0.581272,0.675754
19.100000,1.022744,0.575349,1.977256,-0.575349,0.662052
19.200000,1.022072,0.569481,1.977928,-0.569481,0.648618
19.300000,1.021381,0.563670,1.978619,-0.563670,0.635448
19.400000,1.020672,0.557915,1.979328,-0.557915,0.622539
19.500000,1.019946,0.552217,1.980054,-0.552217,0.609888
19.600000,1.019202,0.546576,1.980798,-0.546576,0.597491
19.700000,1.018441,0.540992,1.981559,-0.540992,0.585344
19.800000,1.017664,0.535465,1.982336,-0.535465,0.573445
19.900000,1.016870,0.529995,1.983130,-0.529995,0.561789
20.000000,1.016061,0.524582,1.983939,-0.524582,0.550373
20.100000,1.015237,0.519227,1.984763,-0.519227,0.539192
20.200000,1.014397,0.513928,1.985603,-0.513928,0.528244
20.300000,1.013543,0.508687,1.986457,-0.508687,0.517525
20.400000,1.012675,0.503503,1.987325,-0.503503,0.507030
20.500000,1.011793,0.498375,1.988207,-0.498375,0.496756
20.600000,1.010898,0.493305,1.989102,-0.493305,0.486700
20.700000,1.009989,0.488291,1.990011,-0.488291,0.476856
20.800000,1.009068,0.483333,1.990932,-0.483333,0.467223
20.900000,1.008134,0.478432,1.991866,-0.478432,0.457795
21.000000,1.007188,0.473587,1.992812,-0.473587,0.448569
21.100000,1.006230,0.468797,1.993770,-0.468797,0.439542
21.200000,1.005261,0.464063,1.994739,-0.464063,0.430709
21.300000,1.004281,0.459384,1.995719,-0.459384,0.422068
21.400000,1.003289,0.454760,1.996711,-0.454760,0.413613
21.500000,1.002288,0.450190,1.997712,-0.450190,0.405343
21.600000,1.001276,0.445675,1.998724,-0.445675,0.397252
21.700000,1.000254,0.441213,1.999746,-0.441213,0.389339
21.800000,0.999223,0.436805,2.000777,-0.436805,0.381598
21.900000,0.998182,0.432450,2.001818,-0.432450,0.374027
22.000000,0.997133,0.428148,2.002867,-0.428148,0.366622
22.100000,0.996074,0.423898,2.003926,-0.423898,0.359379
22.200000,0.995007,0.419700,2.004993,-0.419700,0.352296
22.300000,0.993932,0.415553,2.006068,-0.415553,0.345369
22.399999,0.992849,0.411458,2.007151,-0.411458,0.338595
22.499999,0.991758,0.407413,2.008242,-0.407413,0.331970
22.599999,0.990660,0.403418,2.009340,-0.403418,0.325492
22.699999,0.989555,0.399473,2.010445,-0.399473,0.319157
22.799999,0.988443,0.395577,2.011557,-0.395577,0.312962
22.899999,0.987324,0.391730,2.012676,-0.391730,0.306905
22.999999,0.986199,0.387931,2.013801,-0.387931,0.300981
23.099999,0.985067,0.384180,2.014933,-0.384180,0.295189
23.199999,0.983930,0.380476,2.016070,-0.380476,0.289525
23.299999,0.982787,0.376820,2.017213,-0.376820,0.283986
23.399999,0.981638,0.373209,2.018362,-0.373209,0.278570
23.499999,0.980485,0.369645,2.019515,-0.369645,0.273275
23.599999,0.979326,0.366126,2.020674,-0.366126,0.268096
23.699999,0.978162,0.362651,2.021838,-0.362651,0.263032
23.799999,0.976994,0.359222,2.023006,-0.359222,0.258080
23.899999,0.975821,0.355836,2.024179,-0.355836,0.253238
23.999999,0.974644,0.352493,2.025356,-0.352493,0.248503
24.099999,0.973463,0.349194,2.026537,-0.349194,0.243873
24.199999,0.972278,0.345937,2.027722,-0.345937,0.239344
24.299999,0.971090,0.342721,2.028910,-0.342721,0.234916
24.399999,0.969898,0.339548,2.030102,-0.339548,0.230585
24.499999,0.968703,0.336415,2.031297,-0.336415,0.226350
24.599999,0.967505,0.333322,2.032495,-0.333322,0.222208
24.699999,0.966304,0.330270,2.033696,-0.330270,0.218156
24.799999,0.965100,0.327257,2.034900,-0.327257,0.214194
24.899999,0.963894,0.324283,2.036106,-0.324283,0.210319
24.999999,0.962685,0.321347,2.037315,-0.321347,0.206528
25.099999,0.961474,0.318450,2.038526,-0.318450,0.202821
25.199999,0.960261,0.315590,2.039739,-0.315590,0.199194
25.299999,0.959046,0.312767,2.040954,-0.312767,0.195646
25.399999,0.957829,0.309980,2.042171,-0.309980,0.192176
25.499999,0.956611,0.307230,2.043389,-0.307230,0.188781
25.599999,0.955391,0.304515,2.044609,-0.304515,0.185459
25.699999,0.954170,0.301836,2.045830,-0.301836,0.182210
25.799999,0.952948,0.299191,2.047052,-0.299191,0.179030
25.899999,0.951725,0.296580,2.048275,-0.296580,0.175920
25.999999,0.950501,0.294003,2.049499,-0.294003,0.172876
26.099999,0.949276,0.291460,2.050724,-0.291460,0.169897
26.199999,0.948051,0.288949,2.051949,-0.288949,0.166983
26.299999,0.946825,0.286471,2.053175,-0.286471,0.164131
26.399999,0.945598,0.284024,2.054402,-0.284024,0.161340
26.499999,0.944372,0.281610,2.055628,-0.281610,0.158608
26.599999,0.943145,0.279226,2.056855,-0.279226,0.155934
26.699999,0.941918,0.276873,2.058082,-0.276873,0.153317
26.799999,0.940692,0.274550,2.059308,-0.274550,0.150756
26.899999,0.939465,0.272257,2.060535,-0.272257,0.148248
26.999999,0.938239,0.269994,2.061761,-0.269994,0.145794
27.099999,0.937014,0.267760,2.062986,-0.267760,0.143391
27.199999,0.935789,0.265554,2.064211,-0.265554,0.141038
27.299999,0.934564,0.263376,2.065436,-0.263376,0.138734
27.399999,0.933341,0.261227,2.066659,-0.261227,0.136479
27.499999,0.932118,0.259104,2.067882,-0.259104,0.134270
27.599999,0.930896,0.257009,2.069104,-0.257009,0.132107
27.699999,0.929675,0.254940,2.070325,-0.254940,0.129989
27.799999,0.928455,0.252898,2.071545,-0.252898,0.127915
27.899999,0.927236,0.250882,2.072764,-0.250882,0.125883
27.999999,0.926019,0.248891,2.073981,-0.248891,0.123893
28.099999,0.924803,0.246925,2.075197,-0.246925,0.121944
28.199999,0.923589,0.244984,2.076411,-0.244984,0.120034
28.299999,0.922376,0.243068,2.077624,-0.243068,0.118164
28.399999,0.921164,0.241175,2.078836,-0.241175,0.116331
28.499999,0.919955,0.239307,2.080045,-0.239307,0.114535
28.599999,0.918747,0.237462,2.081253,-0.237462,0.112776
28.699999,0.917541,0.235639,2.082459,-0.235639,0.111052
28.799999,0.916336,0.233840,2.083664,-0.233840,0.109362
28.899999,0.915134,0.232063,2.084866,-0.232063,0.107707
28.999999,0.913934,0.230308,2.086066,-0.230308,0.106084
29.099999,0.912735,0.228575,2.087265,-0.228575,0.104493
29.199999,0.911539,0.226864,2.088461,-0.226864,0.102934
29.299999,0.910346,0.225173,2.089654,-0.225173,0.101406
29.399999,0.909154,0.223503,2.090846,-0.223503,0.099908
29.499999,0.907965,0.221854,2.092035,-0.221854,0.098439
29.599999,0.906778,0.220225,2.093222,-0.220225,0.096999
29.699999,0.905593,0.218617,2.094407,-0.218617,0.095586
29.799999,0.904411,0.217027,2.095589,-0.217027,0.094202
29.899999,0.903232,0.215457,2.096768,-0.215457,0.092844
29.999999,0.902055,0.213907,2.097945,-0.213907,0.091512
30.099999,0.900881,0.212375,2.099119,-0.212375,0.090206
30.199999,0.899709,0.210861,2.100291,-0.210861,0.088925
30.299999,0.898540,0.209366,2.101460,-0.209366,0.087668
30.399999,0.897374,0.207889,2.102626,-0.207889,0.086436
30.499999,0.896211,0.206430,2.103789,-0.206430,0.085226
30.599999,0.895050,0.204988,2.104950,-0.204988,0.084040
30.699999,0.893893,0.203563,2.106107,-0.203563,0.082876
30.799999,0.892738,0.202155,2.107262,-0.202155,0.081733
30.899999,0.891586,0.200764,2.108414,-0.200764,0.080613
30.999999,0.890437,0.199390,2.109563,-0.199390,0.079513
31.099999,0.889292,0.198032,2.110708,-0.198032,0.078433
31.199999,0.888149,0.196689,2.111851,-0.196689,0.077373
31.299999,0.887009,0.195363,2.112991,-0.195363,0.076333
31.399999,0.885873,0.194052,2.114127,-0.194052,0.075312
31.499999,0.884739,0.192757,2.115261,-0.192757,0.074310
31.599999,0.883609,0.191476,2.116391,-0.191476,0.073326
31.699999,0.882482,0.190211,2.117518,-0.190211,0.072360
31.799999,0.881358,0.188960,2.118642,-0.188960,0.071412
31.899999,0.880237,0.187724,2.119763,-0.187724,0.070480
31.999999,0.879120,0.186502,2.120880,-0.186502,0.069566
32.099999,0.878006,0.185294,2.121994,-0.185294,0.068667
32.199999,0.876895,0.184099,2.123105,-0.184099,0.067785
32.299999,0.875787,0.182919,2.124213,-0.182919,0.066919
32.399999,0.874683,0.181752,2.125317,-0.181752,0.066068
32.499999,0.873582,0.180598,2.126418,-0.180598,0.065231
32.599999,0.872485,0.179458,2.127515,-0.179458,0.064410
32.699999,0.871391,0.178330,2.128609,-0.178330,0.063603
32.799999,0.870300,0.177215,2.129700,-0.177215,0.062810
32.899999,0.869213,0.176112,2.130787,-0.176112,0.062031
32.999999,0.868129,0.175022,2.131871,-0.175022,0.061265
33.099999,0.867048,0.173944,2.132952,-0.173944,0.060513
33.199999,0.865971,0.172878,2.134029,-0.172878,0.059774
33.299999,0.864898,0.171824,2.135102,-0.171824,0.059047
33.399999,0.863828,0.170781,2.136172,-0.170781,0.058332
33.499999,0.862762,0.169750,2.137238,-0.169750,0.057630
33.599999,0.861698,0.168731,2.138302,-0.168731,0.056940
33.699999,0.860639,0.167722,2.139361,-0.167722,0.056261
33.799999,0.859583,0.166725,2.140417,-0.166725,0.055594
33.899999,0.858531,0.165738,2.141469,-0.165738,0.054938
33.999999,0.857482,0.164762,2.142518,-0.164762,0.054293
34.099999,0.856436,0.163797,2.143564,-0.163797,0.053659
34.199999,0.855394,0.162842,2.144606,-0.162842,0.053035
34.299999,0.854356,0.161897,2.145644,-0.161897,0.052422
34.399999,0.853321,0.160963,2.146679,-0.160963,0.051818
34.499999,0.852290,0.160039,2.147710,-0.160039,0.051225
34.599999,0.851262,0.159124,2.148738,-0.159124,0.050641
34.699999,0.850238,0.158219,2.149762,-0.158219,0.050067
34.799999,0.849217,0.157324,2.150783,-0.157324,0.049502
34.899999,0.848200,0.156438,2.151800,-0.156438,0.048946
34.999999,0.847187,0.155561,2.152813,-0.155561,0.048399
35.099999,0.846177,0.154694,2.153823,-0.154694,0.047860
35.199999,0.845171,0.153836,2.154829,-0.153836,0.047331
35.299999,0.844168,0.152986,2.155832,-0.152986,0.046810
35.399999,0.843169,0.152146,2.156831,-0.152146,0.046297
35.499999,0.842173,0.151314,2.157827,-0.151314,0.045792
35.599999,0.841181,0.150491,2.158819,-0.150491,0.045295
35.699999,0.840192,0.149676,2.159808,-0.149676,0.044806
35.799999,0.839207,0.148870,2.160793,-0.148870,0.044324
35.899999,0.838226,0.148071,2.161774,-0.148071,0.043850
35.999999,0.837248,0.147281,2.162752,-0.147281,0.043384
36.099999,0.836273,0.146499,2.163727,-0.146499,0.042924
36.199999,0.835302,0.145725,2.164698,-0.145725,0.042472
36.299999,0.834335,0.144959,2.165665,-0.144959,0.042026
36.399999,0.833371,0.144200,2.166629,-0.144200,0.041587
36.499999,0.832411,0.143449,2.167589,-0.143449,0.041155
36.599999,0.831454,0.142706,2.168546,-0.142706,0.040730
36.699999,0.830501,0.141970,2.169499,-0.141970,0.040311
36.799999,0.829551,0.141241,2.170449,-0.141241,0.039898
36.899999,0.828605,0.140519,2.171395,-0.140519,0.039491
36.999999,0.827662,0.139805,2.172338,-0.139805,0.039091
37.099999,0.826722,0.139097,2.173278,-0.139097,0.038696
37.199999,0.825787,0.138397,2.174213,-0.138397,0.038307
37.299999,0.824854,0.137703,2.175146,-0.137703,0.037924
37.399999,0.823925,0.137016,2.176075,-0.137016,0.037547
37.499999,0.823000,0.136336,2.177000,-0.136336,0.037175
37.599999,0.822078,0.135662,2.177922,-0.135662,0.036808
37.699999,0.821159,0.134995,2.178841,-0.134995,0.036447
37.799999,0.820244,0.134334,2.179756,-0.134334,0.036091
37.899999,0.819332,0.133679,2.180668,-0.133679,0.035740
37.999999,0.818424,0.133031,2.181576,-0.133031,0.035395
38.099999,0.817519,0.132389,2.182481,-0.132389,0.035054
38.199999,0.816617,0.131753,2.183383,-0.131753,0.034718
38.299999,0.815719,0.131123,2.184281,-0.131123,0.034386
38.399999,0.814824,0.130499,2.185176,-0.130499,0.034060
38.499999,0.813933,0.129880,2.186067,-0.129880,0.033738
38.599999,0.813045,0.129268,2.186955,-0.129268,0.033420
38.699999,0.812160,0.128661,2.187840,-0.128661,0.033107
38.799999,0.811279,0.128060,2.188721,-0.128060,0.032799
38.899999,0.810401,0.127464,2.189599,-0.127464,0.032494
38.999999,0.809526,0.126874,2.190474,-0.126874,0.032194
39.099999,0.808655,0.126289,2.191345,-0.126289,0.031898
39.199999,0.807786,0.125710,2.192214,-0.125710,0.031606
39.299999,0.806921,0.125136,2.193079,-0.125136,0.031318
39.399999,0.806060,0.124567,2.193940,-0.124567,0.031034
39.499999,0.805201,0.124003,2.194799,-0.124003,0.030753
39.599999,0.804346,0.123444,2.195654,-0.123444,0.030477
39.699999,0.803494,0.122891,2.196506,-0.122891,0.030204
39.799999,0.802646,0.122342,2.197354,-0.122342,0.029935
39.899999,0.801800,0.121798,2.198200,-0.121798,0.029670
39.999999,0.800958,0.121259,2.199042,-0.121259,0.029408
40.099999,0.800119,0.120725,2.199881,-0.120725,0.029149
40.199999,0.799283,0.120196,2.200717,-0.120196,0.028894
40.299999,0.798450,0.119671,2.201550,-0.119671,0.028642
40.399999,0.797621,0.119151,2.202379,-0.119151,0.028394
40.499999,0.796794,0.118635,2.203206,-0.118635,0.028149
40.599999,0.795971,0.118124,2.204029,-0.118124,0.027907
40.699999,0.795151,0.117618,2.204849,-0.117618,0.027668
40.799999,0.794334,0.117115,2.205666,-0.117115,0.027432
40.899999,0.793520,0.116617,2.206480,-0.116617,0.027199
40.999999,0.792709,0.116124,2.207291,-0.116124,0.026969
41.099999,0.791901,0.115634,2.208099,-0.115634,0.026743
41.199999,0.791096,0.115149,2.208904,-0.115149,0.026519
41.299999,0.790294,0.114668,2.209706,-0.114668,0.026298
41.399999,0.789496,0.114191,2.210504,-0.114191,0.026079
41.499999,0.788700,0.113718,2.211300,-0.113718,0.025864
41.599999,0.787907,0.113249,2.212093,-0.113249,0.025651
41.699999,0.787118,0.112784,2.212882,-0.112784,0.025441
41.799999,0.786331,0.112323,2.213669,-0.112323,0.025233
41.899999,0.785547,0.111866,2.214453,-0.111866,0.025028
41.999999,0.784766,0.111413,2.215234,-0.111413,0.024826
42.099999,0.783988,0.110963,2.216012,-0.110963,0.024626
42.199999,0.783214,0.110517,2.216786,-0.110517,0.024428
42.299999,0.782442,0.110075,2.217558,-0.110075,0.024233
42.399999,0.781672,0.109636,2.218328,-0.109636,0.024040
42.499999,0.780906,0.109201,2.219094,-0.109201,0.023850
42.599999,0.780143,0.108770,2.219857,-0.108770,0.023662
42.699999,0.779382,0.108342,2.220618,-0.108342,0.023476
42.799999,0.778625,0.107917,2.221375,-0.107917,0.023292
42.899999,0.777870,0.107496,2.222130,-0.107496,0.023111
42.999999,0.777118,0.107078,2.222882,-0.107078,0.022932
43.099999,0.776369,0.106664,2.223631,-0.106664,0.022754
43.199999,0.775623,0.106253,2.224377,-0.106253,0.022579
43.299999,0.774879,0.105845,2.225121,-0.105845,0.022406
43.399999,0.774138,0.105441,2.225862,-0.105441,0.022236
43.499999,0.773400,0.105040,2.226600,-0.105040,0.022067
43.599999,0.772665,0.104641,2.227335,-0.104641,0.021900
43.699999,0.771933,0.104247,2.228067,-0.104247,0.021735
43.799999,0.771203,0.103855,2.228797,-0.103855,0.021572
43.899999,0.770476,0.103466,2.229524,-0.103466,0.021410
43.999999,0.769752,0.103080,2.230248,-0.103080,0.021251
44.099999,0.769030,0.102697,2.230970,-0.102697,0.021093
44.199999,0.768311,0.102317,2.231689,-0.102317,0.020938
44.299999,0.767595,0.101941,2.232405,-0.101941,0.020784
44.399999,0.766881,0.101567,2.233119,-0.101567,0.020632
44.499999,0.766170,0.101195,2.233830,-0.101195,0.020481
44.599999,0.765462,0.100827,2.234538,-0.100827,0.020332
44.699999,0.764756,0.100462,2.235244,-0.100462,0.020185
44.799999,0.764053,0.100099,2.235947,-0.100099,0.020040
44.899999,0.763352,0.099739,2.236648,-0.099739,0.019896
44.999999,0.762654,0.099382,2.237346,-0.099382,0.019754
45.099999,0.761959,0.099027,2.238041,-0.099027,0.019613
45.199999,0.761266,0.098675,2.238734,-0.098675,0.019474
45.299999,0.760575,0.098326,2.239425,-0.098326,0.019336
45.399999,0.759888,0.097980,2.240112,-0.097980,0.019200
45.499999,0.759202,0.097635,2.240798,-0.097635,0.019065
45.599999,0.758520,0.097294,2.241480,-0.097294,0.018932
45.699999,0.757839,0.096955,2.242161,-0.096955,0.018801
45.799999,0.757162,0.096618,2.242838,-0.096618,0.018670
45.899999,0.756486,0.096284,2.243514,-0.096284,0.018541
45.999999,0.755813,0.095953,2.244187,-0.095953,0.018414
46.099999,0.755143,0.095624,2.244857,-0.095624,0.018288
46.199999,0.754475,0.095297,2.245525,-0.095297,0.018163
46.299999,0.753809,0.094972,2.246191,-0.094972,0.018039
46.399999,0.753146,0.094650,2.246854,-0.094650,0.017917
46.499999,0.752486,0.094330,2.247514,-0.094330,0.017796
46.599999,0.751827,0.094013,2.248173,-0.094013,0.017677
46.699999,0.751171,0.093698,2.248829,-0.093698,0.017559
46.799999,0.750518,0.093385,2.249482,-0.093385,0.017441
46.899999,0.749866,0.093074,2.250134,-0.093074,0.017326
46.999999,0.749217,0.092765,2.250783,-0.092765,0.017211
47.099999,0.748571,0.092459,2.251429,-0.092459,0.017097
47.199999,0.747927,0.092155,2.252073,-0.092155,0.016985
47.299999,0.747285,0.091853,2.252715,-0.091853,0.016874
47.399999,0.746645,0.091553,2.253355,-0.091553,0.016764
47.499999,0.746008,0.091255,2.253992,-0.091255,0.016655
47.599999,0.745373,0.090959,2.254627,-0.090959,0.016547
47.699999,0.744740,0.090665,2.255260,-0.090665,0.016440
47.799999,0.744109,0.090374,2.255891,-0.090374,0.016335
47.899999,0.743481,0.090084,2.256519,-0.090084,0.016230
47.999999,0.742855,0.089796,2.257145,-0.089796,0.016127
48.099999,0.742231,0.089511,2.257769,-0.089511,0.016024
48.199999,0.741609,0.089227,2.258391,-0.089227,0.015923
48.299999,0.740989,0.088945,2.259011,-0.088945,0.015822
48.399999,0.740372,0.088665,2.259628,-0.088665,0.015723
48.499999,0.739757,0.088387,2.260243,-0.088387,0.015624
48.599999,0.739144,0.088111,2.260856,-0.088111,0.015527
48.699999,0.738533,0.087836,2.261467,-0.087836,0.015430
48.799999,0.737925,0.087564,2.262075,-0.087564,0.015335
48.899999,0.737318,0.087293,2.262682,-0.087293,0.015240
48.999999,0.736714,0.087024,2.263286,-0.087024,0.015146
49.099999,0.736111,0.086757,2.263889,-0.086757,0.015054
49.199999,0.735511,0.086492,2.264489,-0.086492,0.014962
49.299999,0.734913,0.086228,2.265087,-0.086228,0.014871
49.399999,0.734317,0.085966,2.265683,-0.085966,0.014780
49.499999,0.733723,0.085706,2.266277,-0.085706,0.014691
49.599999,0.733131,0.085448,2.266869,-0.085448,0.014603
49.699999,0.732541,0.085191,2.267459,-0.085191,0.014515
49.799999,0.731953,0.084936,2.268047,-0.084936,0.014428
49.899999,0.731367,0.084683,2.268633,-0.084683,0.014342
49.999999,0.730784,0.084431,2.269216,-0.084431,0.014257
50.099999,0.730202,0.084181,2.269798,-0.084181,0.014173
50.199999,0.729622,0.083932,2.270378,-0.083932,0.014089
50.299999,0.729044,0.083685,2.270956,-0.083685,0.014006
50.399999,0.728468,0.083440,2.271532,-0.083440,0.013924
50.499999,0.727895,0.083196,2.272105,-0.083196,0.013843
50.599999,0.727323,0.082954,2.272677,-0.082954,0.013763
50.699999,0.726753,0.082713,2.273247,-0.082713,0.013683
50.799999,0.726185,0.082474,2.273815,-0.082474,0.013604
50.899999,0.725619,0.082236,2.274381,-0.082236,0.013525
50.999999,0.725054,0.082000,2.274946,-0.082000,0.013448
51.099999,0.724492,0.081765,2.275508,-0.081765,0.013371
51.199999,0.723932,0.081532,2.276068,-0.081532,0.013295
51.299999,0.723373,0.081300,2.276627,-0.081300,0.013219
51.399999,0.722817,0.081069,2.277183,-0.081069,0.013144
51.499999,0.722262,0.080840,2.277738,-0.080840,0.013070
51.599999,0.721709,0.080613,2.278291,-0.080613,0.012997
51.699999,0.721158,0.080387,2.278842,-0.080387,0.012924
51.799999,0.720609,0.080162,2.279391,-0.080162,0.012852
51.899999,0.720062,0.079938,2.279938,-0.079938,0.012780
51.999999,0.719516,0.079716,2.280484,-0.079716,0.012709
52.099999,0.718973,0.079496,2.281027,-0.079496,0.012639
52.199999,0.718431,0.079276,2.281569,-0.079276,0.012569
52.299999,0.717891,0.079058,2.282109,-0.079058,0.012500
52.399999,0.717353,0.078841,2.282647,-0.078841,0.012432
52.499999,0.716816,0.078626,2.283184,-0.078626,0.012364
52.599999,0.716281,0.078412,2.283719,-0.078412,0.012297
52.699999,0.715749,0.078199,2.284251,-0.078199,0.012230
52.799999,0.715217,0.077987,2.284783,-0.077987,0.012164
52.899999,0.714688,0.077777,2.285312,-0.077777,0.012098
52.999999,0.714160,0.077568,2.285840,-0.077568,0.012034
53.099999,0.713634,0.077360,2.286366,-0.077360,0.011969
53.199999,0.713110,0.077153,2.286890,-0.077153,0.011905
53.299999,0.712587,0.076948,2.287413,-0.076948,0.011842
53.399999,0.712067,0.076744,2.287933,-0.076744,0.011779
53.499999,0.711548,0.076541,2.288452,-0.076541,0.011717
53.599999,0.711030,0.076339,2.288970,-0.076339,0.011655
53.699999,0.710514,0.076138,2.289486,-0.076138,0.011594
53.799999,0.710000,0.075938,2.290000,-0.075938,0.011533
53.899999,0.709488,0.075740,2.290512,-0.075740,0.011473
53.999999,0.708977,0.075543,2.291023,-0.075543,0.011413
54.099999,0.708468,0.075347,2.291532,-0.075347,0.011354
54.199999,0.707960,0.075152,2.292040,-0.075152,0.011296
54.299999,0.707455,0.074958,2.292545,-0.074958,0.011237
54.399999,0.706950,0.074765,2.293050,-0.074765,0.011180
54.499999,0.706448,0.074573,2.293552,-0.074573,0.011122
54.599999,0.705947,0.074383,2.294053,-0.074383,0.011066
54.699999,0.705447,0.074193,2.294553,-0.074193,0.011009
54.799999,0.704949,0.074005,2.295051,-0.074005,0.010953
54.899999,0.704453,0.073817,2.295547,-0.073817,0.010898
54.999999,0.703959,0.073631,2.296041,-0.073631,0.010843
55.099999,0.703465,0.073446,2.296535,-0.073446,0.010789
55.199999,0.702974,0.073262,2.297026,-0.073262,0.010734
55.299999,0.702484,0.073078,2.297516,-0.073078,0.010681
55.399999,0.701996,0.072896,2.298004,-0.072896,0.010628
55.499999,0.701509,0.072715,2.298491,-0.072715,0.010575
55.599999,0.701023,0.072535,2.298977,-0.072535,0.010523
55.699999,0.700539,0.072355,2.299461,-0.072355,0.010471
55.799999,0.700057,0.072177,2.299943,-0.072177,0.010419
55.899999,0.699576,0.072000,2.300424,-0.072000,0.010368
55.999999,0.699097,0.071823,2.300903,-0.071823,0.010317
56.099999,0.698619,0.071648,2.301381,-0.071648,0.010267
56.199999,0.698143,0.071474,2.301857,-0.071474,0.010217
56.299999,0.697668,0.071300,2.302332,-0.071300,0.010167
56.399999,0.697194,0.071128,2.302806,-0.071128,0.010118
56.499999,0.696723,0.070956,2.303277,-0.070956,0.010069
56.599999,0.696252,0.070785,2.303748,-0.070785,0.010021
56.699999,0.695783,0.070615,2.304217,-0.070615,0.009973
56.799999,0.695315,0.070447,2.304685,-0.070447,0.009925
56.899999,0.694849,0.070279,2.305151,-0.070279,0.009878
56.999999,0.694385,0.070111,2.305615,-0.070111,0.009831
57.099999,0.693921,0.069945,2.306079,-0.069945,0.009785
57.199999,0.693459,0.069780,2.306541,-0.069780,0.009738
57.299999,0.692999,0.069615,2.307001,-0.069615,0.009693
57.399999,0.692540,0.069452,2.307460,-0.069452,0.009647
57.499999,0.692082,0.069289,2.307918,-0.069289,0.009602
57.599999,0.691626,0.069127,2.308374,-0.069127,0.009557
57.699999,0.691171,0.068966,2.308829,-0.068966,0.009513
57.799999,0.690718,0.068806,2.309282,-0.068806,0.009469
57.899999,0.690265,0.068647,2.309735,-0.068647,0.009425
57.999999,0.689815,0.068488,2.310185,-0.068488,0.009381
58.099999,0.689365,0.068330,2.310635,-0.068330,0.009338
58.199999,0.688917,0.068173,2.311083,-0.068173,0.009295
58.299999,0.688471,0.068017,2.311529,-0.068017,0.009253
58.399999,0.688025,0.067862,2.311975,-0.067862,0.009210
58.499999,0.687581,0.067707,2.312419,-0.067707,0.009169
58.599999,0.687138,0.067553,2.312862,-0.067553,0.009127
58.699999,0.686697,0.067400,2.313303,-0.067400,0.009086
58.799999,0.686257,0.067248,2.313743,-0.067248,0.009045
58.899999,0.685818,0.067097,2.314182,-0.067097,0.009004
58.999999,0.685381,0.066946,2.314619,-0.066946,0.008964
59.099999,0.684944,0.066796,2.315056,-0.066796,0.008923
59.199999,0.684509,0.066647,2.315491,-0.066647,0.008884
59.299999,0.684076,0.066499,2.315924,-0.066499,0.008844
59.399999,0.683643,0.066351,2.316357,-0.066351,0.008805
59.499999,0.683212,0.066204,2.316788,-0.066204,0.008766
59.599999,0.682783,0.066058,2.317217,-0.066058,0.008727
59.699999,0.682354,0.065912,2.317646,-0.065912,0.008689
59.799999,0.681927,0.065767,2.318073,-0.065767,0.008651
59.899999,0.681501,0.065623,2.318499,-0.065623,0.008613
59.999999,0.681076,0.065480,2.318924,-0.065480,0.008575
60.099999,0.680652,0.065337,2.319348,-0.065337,0.008538
60.199999,0.680230,0.065195,2.319770,-0.065195,0.008501
60.299999,0.679809,0.065054,2.320191,-0.065054,0.008464
60.399999,0.679389,0.064913,2.320611,-0.064913,0.008428
60.499999,0.678970,0.064774,2.321030,-0.064774,0.008391
60.599999,0.678553,0.064634,2.321447,-0.064634,0.008355
60.699999,0.678136,0.064496,2.321864,-0.064496,0.008319
60.799999,0.677721,0.064358,2.322279,-0.064358,0.008284
60.899999,0.677307,0.064221,2.322693,-0.064221,0.008249
60.999999,0.676895,0.064084,2.323105,-0.064084,0.008214
61.099999,0.676483,0.063948,2.323517,-0.063948,0.008179
61.199999,0.676073,0.063813,2.323927,-0.063813,0.008144
61.299999,0.675663,0.063678,2.324337,-0.063678,0.008110
61.399999,0.675255,0.063544,2.324745,-0.063544,0.008076
61.499999,0.674849,0.063411,2.325151,-0.063411,0.008042
61.599999,0.674443,0.063278,2.325557,-0.063278,0.008008
61.699999,0.674038,0.063146,2.325962,-0.063146,0.007975
61.799999,0.673635,0.063014,2.326365,-0.063014,0.007942
61.899999,0.673233,0.062883,2.326767,-0.062883,0.007909
61.999999,0.672831,0.062753,2.327169,-0.062753,0.007876
62.099999,0.672431,0.062624,2.327569,-0.062624,0.007843
62.199999,0.672032,0.062494,2.327968,-0.062494,0.007811
62.299999,0.671635,0.062366,2.328365,-0.062366,0.007779
62.399999,0.671238,0.062238,2.328762,-0.062238,0.007747
62.499999,0.670842,0.062111,2.329158,-0.062111,0.007716
62.599999,0.670448,0.061984,2.329552,-0.061984,0.007684
62.699999,0.670054,0.061858,2.329946,-0.061858,0.007653
62.799999,0.669662,0.061733,2.330338,-0.061733,0.007622
62.899999,0.669271,0.061608,2.330729,-0.061608,0.007591
62.999999,0.668881,0.061483,2.331119,-0.061483,0.007560
63.099999,0.668492,0.061359,2.331508,-0.061359,0.007530
63.199999,0.668104,0.061236,2.331896,-0.061236,0.007500
63.299999,0.667717,0.061113,2.332283,-0.061113,0.007470
63.399999,0.667331,0.060991,2.332669,-0.060991,0.007440
63.499999,0.666946,0.060870,2.333054,-0.060870,0.007410
63.599999,0.666562,0.060749,2.333438,-0.060749,0.007381
63.699999,0.666180,0.060628,2.333820,-0.060628,0.007352
63.799999,0.665798,0.060508,2.334202,-0.060508,0.007322
63.899999,0.665417,0.060389,2.334583,-0.060389,0.007294
63.999999,0.665038,0.060270,2.334962,-0.060270,0.007265
64.099999,0.664659,0.060151,2.335341,-0.060151,0.007236
64.199999,0.664282,0.060033,2.335718,-0.060033,0.007208
64.299999,0.663905,0.059916,2.336095,-0.059916,0.007180
64.399999,0.663530,0.059799,2.336470,-0.059799,0.007152
64.499999,0.663155,0.059683,2.336845,-0.059683,0.007124
64.599999,0.662782,0.059567,2.337218,-0.059567,0.007096
64.699999,0.662409,0.059452,2.337591,-0.059452,0.007069
64.799999,0.662038,0.059337,2.337962,-0.059337,0.007042
64.899999,0.661668,0.059223,2.338332,-0.059223,0.007015
64.999999,0.661298,0.059109,2.338702,-0.059109,0.006988
65.099999,0.660930,0.058996,2.339070,-0.058996,0.006961
65.199999,0.660562,0.058883,2.339438,-0.058883,0.006934
65.299999,0.660195,0.058771,2.339805,-0.058771,0.006908
65.399999,0.659830,0.058659,2.340170,-0.058659,0.006882
65.499999,0.659465,0.058547,2.340535,-0.058547,0.006856
65.599999,0.659102,0.058437,2.340898,-0.058437,0.006830
65.699999,0.658739,0.058326,2.341261,-0.058326,0.006804
65.799999,0.658377,0.058216,2.341623,-0.058216,0.006778
65.899999,0.658017,0.058107,2.341983,-0.058107,0.006753
65.999999,0.657657,0.057998,2.342343,-0.057998,0.006727
66.099999,0.657298,0.057889,2.342702,-0.057889,0.006702
66.199999,0.656940,0.057781,2.343060,-0.057781,0.006677
66.299999,0.656583,0.057674,2.343417,-0.057674,0.006652
66.399999,0.656227,0.057566,2.343773,-0.057566,0.006628
66.499999,0.655872,0.057460,2.344128,-0.057460,0.006603
66.599999,0.655517,0.057353,2.344483,-0.057353,0.006579
66.699999,0.655164,0.057248,2.344836,-0.057248,0.006555
66.799999,0.654812,0.057142,2.345188,-0.057142,0.006530
66.899999,0.654460,0.057037,2.345540,-0.057037,0.006506
66.999999,0.654110,0.056933,2.345890,-0.056933,0.006483
67.099999,0.653760,0.056829,2.346240,-0.056829,0.006459
67.199998,0.653411,0.056725,2.346589,-0.056725,0.006435
67.299998,0.653063,0.056622,2.346937,-0.056622,0.006412
67.399998,0.652716,0.056519,2.347284,-0.056519,0.006389
67.499998,0.652370,0.056417,2.347630,-0.056417,0.006366
67.599998,0.652025,0.056315,2.347975,-0.056315,0.006343
67.699998,0.651681,0.056213,2.348319,-0.056213,0.006320
67.799998,0.651337,0.056112,2.348663,-0.056112,0.006297
67.899998,0.650995,0.056011,2.349005,-0.056011,0.006275
67.999998,0.650653,0.055911,2.349347,-0.055911,0.006252
68.099998,0.650312,0.055811,2.349688,-0.055811,0.006230
68.199998,0.649972,0.055712,2.350028,-0.055712,0.006208
68.299998,0.649633,0.055613,2.350367,-0.055613,0.006186
68.399998,0.649295,0.055514,2.350705,-0.055514,0.006164
68.499998,0.648957,0.055416,2.351043,-0.055416,0.006142
68.599998,0.648621,0.055318,2.351379,-0.055318,0.006120
68.699998,0.648285,0.055220,2.351715,-0.055220,0.006099
68.799998,0.647950,0.055123,2.352050,-0.055123,0.006077
68.899998,0.647616,0.055026,2.352384,-0.055026,0.006056
68.999998,0.647283,0.054930,2.352717,-0.054930,0.006035
69.099998,0.646951,0.054834,2.353049,-0.054834,0.006014
69.199998,0.646619,0.054739,2.353381,-0.054739,0.005993
69.299998,0.646288,0.054643,2.353712,-0.054643,0.005972
69.399998,0.645958,0.054549,2.354042,-0.054549,0.005951
69.499998,0.645629,0.054454,2.354371,-0.054454,0.005931
69.599998,0.645301,0.054360,2.354699,-0.054360,0.005910
69.699998,0.644974,0.054266,2.355026,-0.054266,0.005890
69.799998,0.644647,0.054173,2.355353,-0.054173,0.005869
69.899998,0.644321,0.054080,2.355679,-0.054080,0.005849
69.999998,0.643996,0.053987,2.356004,-0.053987,0.005829
70.099998,0.643672,0.053895,2.356328,-0.053895,0.005809
70.199998,0.643348,0.053803,2.356652,-0.053803,0.005790
70.299998,0.643026,0.053712,2.356974,-0.053712,0.005770
70.399998,0.642704,0.053621,2.357296,-0.053621,0.005750
70.499998,0.642383,0.053530,2.357617,-0.053530,0.005731
70.599998,0.642062,0.053439,2.357938,-0.053439,0.005712
70.699998,0.641743,0.053349,2.358257,-0.053349,0.005692
70.799998,0.641424,0.053259,2.358576,-0.053259,0.005673
70.899998,0.641106,0.053170,2.358894,-0.053170,0.005654
70.999998,0.640789,0.053081,2.359211,-0.053081,0.005635
71.099998,0.640472,0.052992,2.359528,-0.052992,0.005616
71.199998,0.640157,0.052904,2.359843,-0.052904,0.005598
71.299998,0.639842,0.052815,2.360158,-0.052815,0.005579
71.399998,0.639527,0.052728,2.360473,-0.052728,0.005560
71.499998,0.639214,0.052640,2.360786,-0.052640,0.005542
71.599998,0.638901,0.052553,2.361099,-0.052553,0.005524
71.699998,0.638589,0.052466,2.361411,-0.052466,0.005505
71.799998,0.638278,0.052380,2.361722,-0.052380,0.005487
71.899998,0.637968,0.052294,2.362032,-0.052294,0.005469
71.999998,0.637658,0.052208,2.362342,-0.052208,0.005451
72.099998,0.637349,0.052123,2.362651,-0.052123,0.005434
72.199998,0.637041,0.052037,2.362959,-0.052037,0.005416
72.299998,0.636733,0.051953,2.363267,-0.051953,0.005398
72.399998,0.636426,0.051868,2.363574,-0.051868,0.005381
72.499998,0.636120,0.051784,2.363880,-0.051784,0.005363
72.599998,0.635815,0.051700,2.364185,-0.051700,0.005346
72.699998,0.635510,0.051616,2.364490,-0.051616,0.005328
72.799998,0.635206,0.051533,2.364794,-0.051533,0.005311
72.899998,0.634903,0.051450,2.365097,-0.051450,0.005294
72.999998,0.634601,0.051367,2.365399,-0.051367,0.005277
73.099998,0.634299,0.051285,2.365701,-0.051285,0.005260
73.199998,0.633998,0.051203,2.366002,-0.051203,0.005243
73.299998,0.633697,0.051121,2.366303,-0.051121,0.005227
73.399998,0.633397,0.051040,2.366603,-0.051040,0.005210
73.499998,0.633098,0.050958,2.366902,-0.050958,0.005194
73.599998,0.632800,0.050877,2.367200,-0.050877,0.005177
73.699998,0.632503,0.050797,2.367497,-0.050797,0.005161
73.799998,0.632206,0.050717,2.367794,-0.050717,0.005144
73.899998,0.631909,0.050636,2.368091,-0.050636,0.005128
73.999998,0.631614,0.050557,2.368386,-0.050557,0.005112
74.099998,0.631319,0.050477,2.368681,-0.050477,0.005096
74.199998,0.631025,0.050398,2.368975,-0.050398,0.005080
74.299998,0.630731,0.050319,2.369269,-0.050319,0.005064
74.399998,0.630438,0.050241,2.369562,-0.050241,0.005048
74.499998,0.630146,0.050162,2.369854,-0.050162,0.005033
74.599998,0.629854,0.050084,2.370146,-0.050084,0.005017
74.699998,0.629563,0.050006,2.370437,-0.050006,0.005001
74.799998,0.629273,0.049929,2.370727,-0.049929,0.004986
74.899998,0.628984,0.049852,2.371016,-0.049852,0.004970
74.999998,0.628695,0.049775,2.371305,-0.049775,0.004955
75.099998,0.628407,0.049698,2.371593,-0.049698,0.004940
75.199998,0.628119,0.049622,2.371881,-0.049622,0.004925
75.299998,0.627832,0.049546,2.372168,-0.049546,0.004910
75.399998,0.627546,0.049470,2.372454,-0.049470,0.004894
75.499998,0.627260,0.049394,2.372740,-0.049394,0.004880
75.599998,0.626975,0.049319,2.373025,-0.049319,0.004865
75.699998,0.626690,0.049244,2.373310,-0.049244,0.004850
75.799998,0.626407,0.049169,2.373593,-0.049169,0.004835
75.899998,0.626124,0.049094,2.373876,-0.049094,0.004820
75.999998,0.625841,0.049020,2.374159,-0.049020,0.004806
76.099998,0.625559,0.048946,2.374441,-0.048946,0.004791
76.199998,0.625278,0.048872,2.374722,-0.048872,0.004777
76.299998,0.624997,0.048798,2.375003,-0.048798,0.004763
76.399998,0.624717,0.048725,2.375283,-0.048725,0.004748
76.499998,0.624438,0.048652,2.375562,-0.048652,0.004734
76.599998,0.624159,0.048579,2.375841,-0.048579,0.004720
76.699998,0.623881,0.048507,2.376119,-0.048507,0.004706
76.799998,0.623603,0.048434,2.376397,-0.048434,0.004692
76.899998,0.623327,0.048362,2.376673,-0.048362,0.004678
76.999998,0.623050,0.048291,2.376950,-0.048291,0.004664
77.099998,0.622775,0.048219,2.377225,-0.048219,0.004650
77.199998,0.622499,0.048148,2.377501,-0.048148,0.004636
77.299998,0.622225,0.048077,2.377775,-0.048077,0.004623
77.399998,0.621951,0.048006,2.378049,-0.048006,0.004609
77.499998,0.621678,0.047935,2.378322,-0.047935,0.004596
77.599998,0.621405,0.047865,2.378595,-0.047865,0.004582
77.699998,0.621133,0.047795,2.378867,-0.047795,0.004569
77.799998,0.620861,0.047725,2.379139,-0.047725,0.004555
77.899998,0.620590,0.047655,2.379410,-0.047655,0.004542
77.999998,0.620320,0.047586,2.379680,-0.047586,0.004529
78.099998,0.620050,0.047516,2.379950,-0.047516,0.004516
78.199998,0.619781,0.047447,2.380219,-0.047447,0.004503
78.299998,0.619512,0.047379,2.380488,-0.047379,0.004489
78.399998,0.619244,0.047310,2.380756,-0.047310,0.004476
78.499998,0.618977,0.047242,2.381023,-0.047242,0.004464
78.599998,0.618710,0.047174,2.381290,-0.047174,0.004451
78.699998,0.618443,0.047106,2.381557,-0.047106,0.004438
78.799998,0.618178,0.047038,2.381822,-0.047038,0.004425
78.899998,0.617912,0.046971,2.382088,-0.046971,0.004413
78.999998,0.617648,0.046904,2.382352,-0.046904,0.004400
79.099998,0.617384,0.046837,2.382616,-0.046837,0.004387
79.199998,0.617120,0.046770,2.382880,-0.046770,0.004375
79.299998,0.616857,0.046703,2.383143,-0.046703,0.004362
79.399998,0.616595,0.046637,2.383405,-0.046637,0.004350
79.499998,0.616333,0.046571,2.383667,-0.046571,0.004338
79.599998,0.616072,0.046505,2.383928,-0.046505,0.004325
79.699998,0.615811,0.046439,2.384189,-0.046439,0.004313
79.799998,0.615551,0.046374,2.384449,-0.046374,0.004301
79.899998,0.615291,0.046309,2.384709,-0.046309,0.004289
79.999998,0.615032,0.046244,2.384968,-0.046244,0.004277
80.099998,0.614773,0.046179,2.385227,-0.046179,0.004265
80.199998,0.614515,0.046114,2.385485,-0.046114,0.004253
80.299998,0.614258,0.046050,2.385742,-0.046050,0.004241
80.399998,0.614001,0.045985,2.385999,-0.045985,0.004229
80.499998,0.613744,0.045921,2.386256,-0.045921,0.004218
80.599998,0.613488,0.045858,2.386512,-0.045858,0.004206
80.699998,0.613233,0.045794,2.386767,-0.045794,0.004194
80.799998,0.612978,0.045731,2.387022,-0.045731,0.004183
80.899998,0.612724,0.045667,2.387276,-0.045667,0.004171
80.999998,0.612470,0.045604,2.387530,-0.045604,0.004160
81.099998,0.612217,0.045542,2.387783,-0.045542,0.004148
81.199998,0.611964,0.045479,2.388036,-0.045479,0.004137
81.299998,0.611712,0.045417,2.388288,-0.045417,0.004125
81.399998,0.611460,0.045354,2.388540,-0.045354,0.004114
81.499998,0.611209,0.045292,2.388791,-0.045292,0.004103
81.599998,0.610958,0.045230,2.389042,-0.045230,0.004092
81.699998,0.610708,0.045169,2.389292,-0.045169,0.004080
81.799998,0.610458,0.045107,2.389542,-0.045107,0.004069
81.899998,0.610209,0.045046,2.389791,-0.045046,0.004058
81.999998,0.609960,0.044985,2.390040,-0.044985,0.004047
82.099998,0.609712,0.044924,2.390288,-0.044924,0.004036
82.199998,0.609465,0.044863,2.390535,-0.044863,0.004025
82.299998,0.609217,0.044803,2.390783,-0.044803,0.004015
82.399998,0.608971,0.044743,2.391029,-0.044743,0.004004
82.499998,0.608725,0.044682,2.391275,-0.044682,0.003993
82.599998,0.608479,0.044622,2.391521,-0.044622,0.003982
82.699998,0.608234,0.044563,2.391766,-0.044563,0.003972
82.799998,0.607989,0.044503,2.392011,-0.044503,0.003961
82.899998,0.607745,0.044444,2.392255,-0.044444,0.003950
82.999998,0.607501,0.044384,2.392499,-0.044384,0.003940
83.099998,0.607258,0.044325,2.392742,-0.044325,0.003929
83.199998,0.607015,0.044267,2.392985,-0.044267,0.003919
83.299998,0.606773,0.044208,2.393227,-0.044208,0.003909
83.399998,0.606531,0.044149,2.393469,-0.044149,0.003898
83.499998,0.606290,0.044091,2.393710,-0.044091,0.003888
83.599998,0.606049,0.044033,2.393951,-0.044033,0.003878
83.699998,0.605809,0.043975,2.394191,-0.043975,0.003868
83.799998,0.605569,0.043917,2.394431,-0.043917,0.003857
83.899998,0.605330,0.043859,2.394670,-0.043859,0.003847
83.999998,0.605091,0.043802,2.394909,-0.043802,0.003837
84.099998,0.604852,0.043745,2.395148,-0.043745,0.003827
84.199998,0.604614,0.043687,2.395386,-0.043687,0.003817
84.299998,0.604377,0.043631,2.395623,-0.043631,0.003807
84.399998,0.604140,0.043574,2.395860,-0.043574,0.003797
84.499998,0.603903,0.043517,2.396097,-0.043517,0.003787
84.599998,0.603667,0.043461,2.396333,-0.043461,0.003778
84.699998,0.603431,0.043404,2.396569,-0.043404,0.003768
84.799998,0.603196,0.043348,2.396804,-0.043348,0.003758
84.899998,0.602961,0.043292,2.397039,-0.043292,0.003748
84.999998,0.602727,0.043237,2.397273,-0.043237,0.003739
85.099998,0.602493,0.043181,2.397507,-0.043181,0.003729
85.199998,0.602260,0.043125,2.397740,-0.043125,0.003720
85.299998,0.602027,0.043070,2.397973,-0.043070,0.003710
85.399998,0.601795,0.043015,2.398205,-0.043015,0.003701
85.499998,0.601563,0.042960,2.398437,-0.042960,0.003691
85.599998,0.601331,0.042905,2.398669,-0.042905,0.003682
85.699998,0.601100,0.042851,2.398900,-0.042851,0.003672
85.799998,0.600869,0.042796,2.399131,-0.042796,0.003663
85.899998,0.600639,0.042742,2.399361,-0.042742,0.003654
85.999998,0.600409,0.042688,2.399591,-0.042688,0.003644
86.099998,0.600180,0.042633,2.399820,-0.042633,0.003635
86.199998,0.599951,0.042580,2.400049,-0.042580,0.003626
86.299998,0.599722,0.042526,2.400278,-0.042526,0.003617
86.399998,0.599494,0.042472,2.400506,-0.042472,0.003608
86.499998,0.599267,0.042419,2.400733,-0.042419,0.003599
86.599998,0.599039,0.042366,2.400961,-0.042366,0.003590
86.699998,0.598813,0.042313,2.401187,-0.042313,0.003581
86.799998,0.598586,0.042260,2.401414,-0.042260,0.003572
86.899998,0.598360,0.042207,2.401640,-0.042207,0.003563
86.999998,0.598135,0.042154,2.401865,-0.042154,0.003554
87.099998,0.597910,0.042102,2.402090,-0.042102,0.003545
87.199998,0.597685,0.042049,2.402315,-0.042049,0.003536
87.299998,0.597461,0.041997,2.402539,-0.041997,0.003528
87.399998,0.597237,0.041945,2.402763,-0.041945,0.003519
87.499998,0.597014,0.041893,2.402986,-0.041893,0.003510
87.599998,0.596791,0.041841,2.403209,-0.041841,0.003501
87.699998,0.596568,0.041790,2.403432,-0.041790,0.003493
87.799998,0.596346,0.041738,2.403654,-0.041738,0.003484
87.899998,0.596124,0.041687,2.403876,-0.041687,0.003476
87.999998,0.595903,0.041636,2.404097,-0.041636,0.003467
88.099998,0.595682,0.041585,2.404318,-0.041585,0.003459
88.199998,0.595462,0.041534,2.404538,-0.041534,0.003450
88.299998,0.595242,0.041483,2.404758,-0.041483,0.003442
88.399998,0.595022,0.041432,2.404978,-0.041432,0.003433
88.499998,0.594803,0.041382,2.405197,-0.041382,0.003425
88.599998,0.594584,0.041332,2.405416,-0.041332,0.003417
88.699998,0.594365,0.041281,2.405635,-0.041281,0.003408
88.799998,0.594147,0.041231,2.405853,-0.041231,0.003400
88.899998,0.593930,0.041181,2.406070,-0.041181,0.003392
88.999998,0.593713,0.041132,2.406287,-0.041132,0.003384
89.099998,0.593496,0.041082,2.406504,-0.041082,0.003375
89.199998,0.593279,0.041033,2.406721,-0.041033,0.003367
89.299998,0.593063,0.040983,2.406937,-0.040983,0.003359
89.399998,0.592848,0.040934,2.407152,-0.040934,0.003351
89.499998,0.592632,0.040885,2.407368,-0.040885,0.003343
89.599998,0.592417,0.040836,2.407583,-0.040836,0.003335
89.699998,0.592203,0.040787,2.407797,-0.040787,0.003327
89.799998,0.591989,0.040738,2.408011,-0.040738,0.003319
89.899998,0.591775,0.040690,2.408225,-0.040690,0.003311
89.999998,0.591562,0.040641,2.408438,-0.040641,0.003303
90.099998,0.591349,0.040593,2.408651,-0.040593,0.003296
90.199998,0.591136,0.040545,2.408864,-0.040545,0.003288
90.299998,0.590924,0.040497,2.409076,-0.040497,0.003280
90.399998,0.590712,0.040449,2.409288,-0.040449,0.003272
90.499998,0.590501,0.040401,2.409499,-0.040401,0.003264
90.599998,0.590290,0.040353,2.409710,-0.040353,0.003257
90.699998,0.590079,0.040306,2.409921,-0.040306,0.003249
90.799998,0.589869,0.040258,2.410131,-0.040258,0.003241
90.899998,0.589659,0.040211,2.410341,-0.040211,0.003234
90.999998,0.589449,0.040164,2.410551,-0.040164,0.003226
91.099998,0.589240,0.040117,2.410760,-0.040117,0.003219
91.199998,0.589031,0.040070,2.410969,-0.040070,0.003211
91.299998,0.588823,0.040023,2.411177,-0.040023,0.003204
91.399998,0.588615,0.039977,2.411385,-0.039977,0.003196
91.499998,0.588407,0.039930,2.411593,-0.039930,0.003189
91.599998,0.588200,0.039884,2.411800,-0.039884,0.003181
91.699998,0.587993,0.039837,2.412007,-0.039837,0.003174
91.799998,0.587786,0.039791,2.412214,-0.039791,0.003167
91.899998,0.587580,0.039745,2.412420,-0.039745,0.003159
91.999998,0.587374,0.039699,2.412626,-0.039699,0.003152
92.099998,0.587169,0.039654,2.412831,-0.039654,0.003145
92.199998,0.586964,0.039608,2.413036,-0.039608,0.003138
92.299998,0.586759,0.039562,2.413241,-0.039562,0.003130
92.399998,0.586555,0.039517,2.413445,-0.039517,0.003123
92.499998,0.586350,0.039472,2.413650,-0.039472,0.003116
92.599998,0.586147,0.039426,2.413853,-0.039426,0.003109
92.699998,0.585943,0.039381,2.414057,-0.039381,0.003102
92.799998,0.585740,0.039336,2.414260,-0.039336,0.003095
92.899998,0.585538,0.039291,2.414462,-0.039291,0.003088
92.999998,0.585336,0.039247,2.414664,-0.039247,0.003081
93.099998,0.585134,0.039202,2.414866,-0.039202,0.003074
93.199998,0.584932,0.039158,2.415068,-0.039158,0.003067
93.299998,0.584731,0.039113,2.415269,-0.039113,0.003060
93.399998,0.584530,0.039069,2.415470,-0.039069,0.003053
93.499998,0.584329,0.039025,2.415671,-0.039025,0.003046
93.599998,0.584129,0.038981,2.415871,-0.038981,0.003039
93.699998,0.583929,0.038937,2.416071,-0.038937,0.003032
93.799998,0.583730,0.038893,2.416270,-0.038893,0.003025
93.899998,0.583531,0.038849,2.416469,-0.038849,0.003019
93.999998,0.583332,0.038806,2.416668,-0.038806,0.003012
94.099998,0.583133,0.038762,2.416867,-0.038762,0.003005
94.199998,0.582935,0.038719,2.417065,-0.038719,0.002998
94.299998,0.582737,0.038676,2.417263,-0.038676,0.002992
94.399998,0.582540,0.038632,2.417460,-0.038632,0.002985
94.499998,0.582343,0.038589,2.417657,-0.038589,0.002978
94.599998,0.582146,0.038546,2.417854,-0.038546,0.002972
94.699998,0.581949,0.038504,2.418051,-0.038504,0.002965
94.799998,0.581753,0.038461,2.418247,-0.038461,0.002958
94.899998,0.581557,0.038418,2.418443,-0.038418,0.002952
94.999998,0.581362,0.038376,2.418638,-0.038376,0.002945
95.099998,0.581167,0.038333,2.418833,-0.038333,0.002939
95.199998,0.580972,0.038291,2.419028,-0.038291,0.002932
95.299998,0.580777,0.038249,2.419223,-0.038249,0.002926
95.399998,0.580583,0.038207,2.419417,-0.038207,0.002920
95.499998,0.580389,0.038165,2.419611,-0.038165,0.002913
95.599998,0.580196,0.038123,2.419804,-0.038123,0.002907
95.699998,0.580003,0.038081,2.419997,-0.038081,0.002900
95.799998,0.579810,0.038040,2.420190,-0.038040,0.002894
95.899998,0.579617,0.037998,2.420383,-0.037998,0.002888
95.999998,0.579425,0.037957,2.420575,-0.037957,0.002881
96.099998,0.579233,0.037915,2.420767,-0.037915,0.002875
96.199998,0.579041,0.037874,2.420959,-0.037874,0.002869
96.299998,0.578850,0.037833,2.421150,-0.037833,0.002863
96.399998,0.578659,0.037792,2.421341,-0.037792,0.002856
96.499998,0.578469,0.037751,2.421531,-0.037751,0.002850
96.599998,0.578278,0.037710,2.421722,-0.037710,0.002844
96.699998,0.578088,0.037669,2.421912,-0.037669,0.002838
96.799998,0.577899,0.037629,2.422101,-0.037629,0.002832
96.899998,0.577709,0.037588,2.422291,-0.037588,0.002826
96.999998,0.577520,0.037548,2.422480,-0.037548,0.002820
97.099998,0.577331,0.037507,2.422669,-0.037507,0.002814
97.199998,0.577143,0.037467,2.422857,-0.037467,0.002808
97.299998,0.576955,0.037427,2.423045,-0.037427,0.002802
97.399998,0.576767,0.037387,2.423233,-0.037387,0.002796
97.499998,0.576579,0.037347,2.423421,-0.037347,0.002790
97.599998,0.576392,0.037307,2.423608,-0.037307,0.002784
97.699998,0.576205,0.037267,2.423795,-0.037267,0.002778
97.799998,0.576019,0.037228,2.423981,-0.037228,0.002772
97.899998,0.575832,0.037188,2.424168,-0.037188,0.002766
97.999998,0.575646,0.037149,2.424354,-0.037149,0.002760
98.099998,0.575461,0.037109,2.424539,-0.037109,0.002754
98.199998,0.575275,0.037070,2.424725,-0.037070,0.002748
98.299998,0.575090,0.037031,2.424910,-0.037031,0.002743
98.399998,0.574905,0.036992,2.425095,-0.036992,0.002737
98.499998,0.574721,0.036953,2.425279,-0.036953,0.002731
98.599998,0.574537,0.036914,2.425463,-0.036914,0.002725
98.699998,0.574353,0.036875,2.425647,-0.036875,0.002720
98.799998,0.574169,0.036836,2.425831,-0.036836,0.002714
98.899998,0.573986,0.036798,2.426014,-0.036798,0.002708
98.999998,0.573803,0.036759,2.426197,-0.036759,0.002702
99.099998,0.573620,0.036721,2.426380,-0.036721,0.002697
99.199998,0.573437,0.036682,2.426563,-0.036682,0.002691
99.299998,0.573255,0.036644,2.426745,-0.036644,0.002686
99.399998,0.573073,0.036606,2.426927,-0.036606,0.002680
99.499998,0.572892,0.036568,2.427108,-0.036568,0.002674
99.599998,0.572711,0.036530,2.427289,-0.036530,0.002669
99.699998,0.572530,0.036492,2.427470,-0.036492,0.002663
99.799998,0.572349,0.036454,2.427651,-0.036454,0.002658
99.899998,0.572168,0.036416,2.427832,-0.036416,0.002652
99.999998,0.571988,0.036379,2.428012,-0.036379,0.002647
