# Two Dipoles. Viscous opposite moments. $\\Reyn=2e+01$, $x(0)=3$
# Commit: 2026-06-04-2-g5a5da60-dirty
# KinematicViscosity: 0.0625
# TauMode: ConstPi32 τ = 1/π^(3/2)
# Date: 2026-06-10 04:21:57
time,d1_rx,d1_mx,d2_rx,d2_mx,sum_zeta_square
0.000000,0.000000,1.000000,3.000000,-1.000000,2.000000
0.100000,0.011379,1.000595,2.988621,-1.000595,2.002382
0.200000,0.022751,1.001210,2.977249,-1.001210,2.004841
0.300000,0.034116,1.001843,2.965884,-1.001843,2.007380
0.400000,0.045474,1.002497,2.954526,-1.002497,2.010002
0.500000,0.056823,1.003173,2.943177,-1.003173,2.012711
0.600000,0.068165,1.003870,2.931835,-1.003870,2.015509
0.700000,0.079498,1.004590,2.920502,-1.004590,2.018400
0.800000,0.090823,1.005333,2.909177,-1.005333,2.021389
0.900000,0.102139,1.006101,2.897861,-1.006101,2.024478
1.000000,0.113446,1.006894,2.886554,-1.006894,2.027673
1.100000,0.124743,1.007714,2.875257,-1.007714,2.030976
1.200000,0.136030,1.008562,2.863970,-1.008562,2.034394
1.300000,0.147308,1.009438,2.852692,-1.009438,2.037929
1.400000,0.158574,1.010343,2.841426,-1.010343,2.041587
1.500000,0.169830,1.011280,2.830170,-1.011280,2.045373
1.600000,0.181075,1.012248,2.818925,-1.012248,2.049291
1.700000,0.192308,1.013249,2.807692,-1.013249,2.053348
1.800000,0.203528,1.014285,2.796472,-1.014285,2.057549
1.900000,0.214736,1.015357,2.785264,-1.015357,2.061899
2.000000,0.225931,1.016466,2.774069,-1.016466,2.066405
2.100000,0.237112,1.017613,2.762888,-1.017613,2.071073
2.200000,0.248279,1.018800,2.751721,-1.018800,2.075909
2.300000,0.259431,1.020029,2.740569,-1.020029,2.080920
2.400000,0.270568,1.021301,2.729432,-1.021301,2.086112
2.500000,0.281689,1.022618,2.718311,-1.022618,2.091494
2.600000,0.292794,1.023980,2.707206,-1.023980,2.097072
2.700000,0.303882,1.025391,2.696118,-1.025391,2.102854
2.800000,0.314951,1.026852,2.685049,-1.026852,2.108848
2.900000,0.326002,1.028363,2.673998,-1.028363,2.115063
3.000000,0.337034,1.029929,2.662966,-1.029929,2.121506
3.100000,0.348046,1.031549,2.651954,-1.031549,2.128187
3.200000,0.359036,1.033227,2.640964,-1.033227,2.135114
3.300000,0.370006,1.034963,2.629994,-1.034963,2.142297
3.400000,0.380952,1.036761,2.619048,-1.036761,2.149746
3.500000,0.391875,1.038622,2.608125,-1.038622,2.157469
3.600000,0.402773,1.040548,2.597227,-1.040548,2.165478
3.700000,0.413646,1.042541,2.586354,-1.042541,2.173783
3.800000,0.424493,1.044604,2.575507,-1.044604,2.182394
3.900000,0.435312,1.046738,2.564688,-1.046738,2.191322
4.000000,0.446103,1.048947,2.553897,-1.048947,2.200579
4.100000,0.456863,1.051232,2.543137,-1.051232,2.210176
4.200000,0.467593,1.053595,2.532407,-1.053595,2.220124
4.300000,0.478291,1.056039,2.521709,-1.056039,2.230435
4.400000,0.488955,1.058566,2.511045,-1.058566,2.241122
4.500000,0.499585,1.061178,2.500415,-1.061178,2.252198
4.600000,0.510179,1.063878,2.489821,-1.063878,2.263673
4.700000,0.520736,1.066668,2.479264,-1.066668,2.275562
4.800000,0.531253,1.069551,2.468747,-1.069551,2.287878
4.900000,0.541731,1.072528,2.458269,-1.072528,2.300633
5.000000,0.552167,1.075603,2.447833,-1.075603,2.313842
5.100000,0.562561,1.078776,2.437439,-1.078776,2.327517
5.200000,0.572909,1.082052,2.427091,-1.082052,2.341672
5.300000,0.583212,1.085431,2.416788,-1.085431,2.356321
5.400000,0.593467,1.088916,2.406533,-1.088916,2.371478
5.500000,0.603673,1.092510,2.396327,-1.092510,2.387157
5.600000,0.613827,1.096214,2.386173,-1.096214,2.403372
5.700000,0.623930,1.100031,2.376070,-1.100031,2.420137
5.800000,0.633979,1.103962,2.366021,-1.103962,2.437466
5.900000,0.643971,1.108010,2.356029,-1.108010,2.455374
6.000000,0.653907,1.112177,2.346093,-1.112177,2.473874
6.100000,0.663783,1.116464,2.336217,-1.116464,2.492982
6.200000,0.673599,1.120872,2.326401,-1.120872,2.512710
6.300000,0.683353,1.125405,2.316647,-1.125405,2.533073
6.400000,0.693042,1.130063,2.306958,-1.130063,2.554085
6.500000,0.702666,1.134848,2.297334,-1.134848,2.575760
6.600000,0.712223,1.139761,2.287777,-1.139761,2.598111
6.700000,0.721711,1.144804,2.278289,-1.144804,2.621152
6.800000,0.731129,1.149977,2.268871,-1.149977,2.644896
6.900000,0.740475,1.155283,2.259525,-1.155283,2.669357
7.000000,0.749748,1.160721,2.250252,-1.160721,2.694547
7.100000,0.758945,1.166293,2.241055,-1.166293,2.720480
7.200000,0.768066,1.172000,2.231934,-1.172000,2.747167
7.300000,0.777110,1.177841,2.222890,-1.177841,2.774620
7.400000,0.786075,1.183818,2.213925,-1.183818,2.802852
7.500000,0.794959,1.189932,2.205041,-1.189932,2.831874
7.600000,0.803761,1.196181,2.196239,-1.196181,2.861698
7.700000,0.812481,1.202567,2.187519,-1.202567,2.892334
7.800000,0.821116,1.209089,2.178884,-1.209089,2.923792
7.900000,0.829667,1.215747,2.170333,-1.215747,2.956083
8.000000,0.838131,1.222542,2.161869,-1.222542,2.989217
8.100000,0.846509,1.229472,2.153491,-1.229472,3.023202
8.200000,0.854798,1.236537,2.145202,-1.236537,3.058048
8.300000,0.862999,1.243737,2.137001,-1.243737,3.093763
8.400000,0.871110,1.251071,2.128890,-1.251071,3.130356
8.500000,0.879131,1.258537,2.120869,-1.258537,3.167833
8.600000,0.887061,1.266136,2.112939,-1.266136,3.206201
8.700000,0.894900,1.273866,2.105100,-1.273866,3.245468
8.800000,0.902647,1.281725,2.097353,-1.281725,3.285640
8.900000,0.910302,1.289713,2.089698,-1.289713,3.326721
9.000000,0.917864,1.297829,2.082136,-1.297829,3.368718
9.100000,0.925334,1.306070,2.074666,-1.306070,3.411635
9.200000,0.932710,1.314435,2.067290,-1.314435,3.455477
9.300000,0.939993,1.322922,2.060007,-1.322922,3.500246
9.400000,0.947183,1.331530,2.052817,-1.331530,3.545946
9.500000,0.954280,1.340258,2.045720,-1.340258,3.592581
9.600000,0.961283,1.349102,2.038717,-1.349102,3.640151
9.700000,0.968194,1.358061,2.031806,-1.358061,3.688659
9.800000,0.975012,1.367133,2.024988,-1.367133,3.738105
9.900000,0.981737,1.376316,2.018263,-1.376316,3.788492
10.000000,0.988370,1.385608,2.011630,-1.385608,3.839818
10.100000,0.994911,1.395006,2.005089,-1.395006,3.892084
10.200000,1.001360,1.404508,1.998640,-1.404508,3.945288
10.300000,1.007719,1.414113,1.992281,-1.414113,3.999429
10.400000,1.013986,1.423816,1.986014,-1.423816,4.054507
10.500000,1.020164,1.433617,1.979836,-1.433617,4.110517
10.600000,1.026253,1.443513,1.973747,-1.443513,4.167458
10.700000,1.032253,1.453500,1.967747,-1.453500,4.225327
10.800000,1.038165,1.463578,1.961835,-1.463578,4.284119
10.900000,1.043989,1.473742,1.956011,-1.473742,4.343831
11.000000,1.049727,1.483991,1.950273,-1.483991,4.404457
11.100000,1.055379,1.494321,1.944621,-1.494321,4.465993
11.200000,1.060946,1.504732,1.939054,-1.504732,4.528434
11.300000,1.066429,1.515218,1.933571,-1.515218,4.591772
11.400000,1.071828,1.525779,1.928172,-1.525779,4.656002
11.500000,1.077145,1.536411,1.922855,-1.536411,4.721117
11.600000,1.082381,1.547112,1.917619,-1.547112,4.787109
11.700000,1.087536,1.557879,1.912464,-1.557879,4.853971
11.800000,1.092611,1.568709,1.907389,-1.568709,4.921694
11.900000,1.097607,1.579600,1.902393,-1.579600,4.990270
12.000000,1.102526,1.590549,1.897474,-1.590549,5.059689
12.100000,1.107367,1.601553,1.892633,-1.601553,5.129943
12.200000,1.112133,1.612610,1.887867,-1.612610,5.201021
12.300000,1.116824,1.623717,1.883176,-1.623717,5.272913
12.400000,1.121441,1.634871,1.878559,-1.634871,5.345608
12.500000,1.125986,1.646070,1.874014,-1.646070,5.419096
12.600000,1.130458,1.657312,1.869542,-1.657312,5.493364
12.700000,1.134859,1.668592,1.865141,-1.668592,5.568402
12.800000,1.139191,1.679910,1.860809,-1.679910,5.644196
12.900000,1.143454,1.691262,1.856546,-1.691262,5.720734
13.000000,1.147649,1.702646,1.852351,-1.702646,5.798004
13.100000,1.151777,1.714058,1.848223,-1.714058,5.875991
13.200000,1.155839,1.725497,1.844161,-1.725497,5.954683
13.300000,1.159836,1.736961,1.840164,-1.736961,6.034065
13.400000,1.163770,1.748446,1.836230,-1.748446,6.114124
13.500000,1.167640,1.759949,1.832360,-1.759949,6.194843
13.600000,1.171449,1.771470,1.828551,-1.771470,6.276209
13.700000,1.175197,1.783004,1.824803,-1.783004,6.358206
13.800000,1.178884,1.794550,1.821116,-1.794550,6.440818
13.900000,1.182513,1.806105,1.817487,-1.806105,6.524030
14.000000,1.186084,1.817667,1.813916,-1.817667,6.607825
14.100000,1.189597,1.829233,1.810403,-1.829233,6.692187
14.200000,1.193054,1.840801,1.806946,-1.840801,6.777100
14.300000,1.196456,1.852369,1.803544,-1.852369,6.862544
14.400000,1.199804,1.863935,1.800196,-1.863935,6.948505
14.500000,1.203098,1.875495,1.796902,-1.875495,7.034964
14.600000,1.206339,1.887048,1.793661,-1.887048,7.121903
14.700000,1.209529,1.898592,1.790471,-1.898592,7.209305
14.800000,1.212668,1.910124,1.787332,-1.910124,7.297150
14.900000,1.215757,1.921643,1.784243,-1.921643,7.385420
15.000000,1.218797,1.933145,1.781203,-1.933145,7.474097
15.100000,1.221788,1.944629,1.778212,-1.944629,7.563162
15.200000,1.224732,1.956092,1.775268,-1.956092,7.652595
15.300000,1.227629,1.967534,1.772371,-1.967534,7.742377
15.400000,1.230481,1.978950,1.769519,-1.978950,7.832487
15.500000,1.233287,1.990340,1.766713,-1.990340,7.922908
15.600000,1.236049,2.001701,1.763951,-2.001701,8.013618
15.700000,1.238767,2.013032,1.761233,-2.013032,8.104598
15.800000,1.241442,2.024330,1.758558,-2.024330,8.195827
15.900000,1.244076,2.035594,1.755924,-2.035594,8.287284
16.000000,1.246668,2.046821,1.753332,-2.046821,8.378950
16.100000,1.249219,2.058009,1.750781,-2.058009,8.470803
16.200000,1.251730,2.069157,1.748270,-2.069157,8.562823
16.300000,1.254202,2.080263,1.745798,-2.080263,8.654989
16.400000,1.256636,2.091325,1.743364,-2.091325,8.747279
16.500000,1.259031,2.102341,1.740969,-2.102341,8.839673
16.600000,1.261389,2.113309,1.738611,-2.113309,8.932149
16.700000,1.263711,2.124228,1.736289,-2.124228,9.024687
16.800000,1.265997,2.135095,1.734003,-2.135095,9.117264
16.900000,1.268247,2.145910,1.731753,-2.145910,9.209858
17.000000,1.270463,2.156670,1.729537,-2.156670,9.302450
17.100000,1.272644,2.167374,1.727356,-2.167374,9.395016
17.200000,1.274792,2.178019,1.725208,-2.178019,9.487537
17.300000,1.276906,2.188606,1.723094,-2.188606,9.579989
17.400000,1.278989,2.199131,1.721011,-2.199131,9.672352
17.500000,1.281039,2.209593,1.718961,-2.209593,9.764604
17.600000,1.283059,2.219991,1.716941,-2.219991,9.856723
17.700000,1.285047,2.230324,1.714953,-2.230324,9.948686
17.800000,1.287005,2.240588,1.712995,-2.240588,10.040473
17.900000,1.288934,2.250785,1.711066,-2.250785,10.132064
18.000000,1.290833,2.260911,1.709167,-2.260911,10.223435
18.100000,1.292704,2.270965,1.707296,-2.270965,10.314565
18.200000,1.294546,2.280946,1.705454,-2.280946,10.405432
18.300000,1.296361,2.290853,1.703639,-2.290853,10.496017
18.400000,1.298148,2.300684,1.701852,-2.300684,10.586297
18.500000,1.299909,2.310438,1.700091,-2.310438,10.676249
18.600000,1.301643,2.320114,1.698357,-2.320114,10.765854
18.700000,1.303351,2.329710,1.696649,-2.329710,10.855093
18.800000,1.305034,2.339224,1.694966,-2.339224,10.943941
18.900000,1.306692,2.348657,1.693308,-2.348657,11.032378
19.000000,1.308326,2.358006,1.691674,-2.358006,11.120386
19.100000,1.309935,2.367271,1.690065,-2.367271,11.207942
19.200000,1.311520,2.376449,1.688480,-2.376449,11.295024
19.300000,1.313082,2.385542,1.686918,-2.385542,11.381617
19.400000,1.314621,2.394545,1.685379,-2.394545,11.467696
19.500000,1.316138,2.403460,1.683862,-2.403460,11.553242
19.600000,1.317632,2.412285,1.682368,-2.412285,11.638238
19.700000,1.319104,2.421018,1.680896,-2.421018,11.722659
19.800000,1.320555,2.429660,1.679445,-2.429660,11.806491
19.900000,1.321985,2.438208,1.678015,-2.438208,11.889713
20.000000,1.323394,2.446661,1.676606,-2.446661,11.972302
20.100000,1.324783,2.455020,1.675217,-2.455020,12.054247
20.200000,1.326151,2.463282,1.673849,-2.463282,12.135520
20.300000,1.327500,2.471448,1.672500,-2.471448,12.216111
20.400000,1.328829,2.479516,1.671171,-2.479516,12.295995
20.500000,1.330140,2.487485,1.669860,-2.487485,12.375160
20.600000,1.331431,2.495354,1.668569,-2.495354,12.453583
20.700000,1.332704,2.503123,1.667296,-2.503123,12.531250
20.800000,1.333959,2.510791,1.666041,-2.510791,12.608141
20.900000,1.335196,2.518357,1.664804,-2.518357,12.684242
21.000000,1.336415,2.525820,1.663585,-2.525820,12.759534
21.100000,1.337617,2.533180,1.662383,-2.533180,12.834002
21.200000,1.338802,2.540436,1.661198,-2.540436,12.907627
21.300000,1.339970,2.547587,1.660030,-2.547587,12.980397
21.400000,1.341122,2.554632,1.658878,-2.554632,13.052292
21.500000,1.342257,2.561572,1.657743,-2.561572,13.123303
21.600000,1.343377,2.568405,1.656623,-2.568405,13.193406
21.700000,1.344480,2.575131,1.655520,-2.575131,13.262595
21.800000,1.345569,2.581748,1.654431,-2.581748,13.330848
21.900000,1.346642,2.588258,1.653358,-2.588258,13.398158
22.000000,1.347700,2.594658,1.652300,-2.594658,13.464504
22.100000,1.348743,2.600950,1.651257,-2.600950,13.529878
22.200000,1.349772,2.607131,1.650228,-2.607131,13.594264
22.300000,1.350786,2.613202,1.649214,-2.613202,13.657648
22.399999,1.351787,2.619162,1.648213,-2.619162,13.720023
22.499999,1.352774,2.625011,1.647226,-2.625011,13.781367
22.599999,1.353747,2.630749,1.646253,-2.630749,13.841679
22.699999,1.354706,2.636374,1.645294,-2.636374,13.900939
22.799999,1.355652,2.641887,1.644348,-2.641887,13.959138
22.899999,1.356586,2.647288,1.643414,-2.647288,14.016271
22.999999,1.357506,2.652576,1.642494,-2.652576,14.072316
23.099999,1.358414,2.657750,1.641586,-2.657750,14.127272
23.199999,1.359310,2.662811,1.640690,-2.662811,14.181126
23.299999,1.360193,2.667758,1.639807,-2.667758,14.233865
23.399999,1.361064,2.672591,1.638936,-2.672591,14.285488
23.499999,1.361924,2.677310,1.638076,-2.677310,14.335978
23.599999,1.362771,2.681914,1.637229,-2.681914,14.385328
23.699999,1.363608,2.686404,1.636392,-2.686404,14.433536
23.799999,1.364432,2.690779,1.635568,-2.690779,14.480586
23.899999,1.365246,2.695039,1.634754,-2.695039,14.526472
23.999999,1.366049,2.699185,1.633951,-2.699185,14.571194
24.099999,1.366841,2.703214,1.633159,-2.703214,14.614736
24.199999,1.367622,2.707129,1.632378,-2.707129,14.657094
24.299999,1.368393,2.710929,1.631607,-2.710929,14.698269
24.399999,1.369153,2.714613,1.630847,-2.714613,14.738246
24.499999,1.369903,2.718181,1.630097,-2.718181,14.777021
24.599999,1.370643,2.721635,1.629357,-2.721635,14.814595
24.699999,1.371373,2.724973,1.628627,-2.724973,14.850959
24.799999,1.372094,2.728196,1.627906,-2.728196,14.886105
24.899999,1.372804,2.731303,1.627196,-2.731303,14.920035
24.999999,1.373505,2.734296,1.626495,-2.734296,14.952747
25.099999,1.374197,2.737173,1.625803,-2.737173,14.984229
25.199999,1.374880,2.739934,1.625120,-2.739934,15.014482
25.299999,1.375554,2.742582,1.624446,-2.742582,15.043509
25.399999,1.376218,2.745114,1.623782,-2.745114,15.071303
25.499999,1.376874,2.747531,1.623126,-2.747531,15.097857
25.599999,1.377521,2.749834,1.622479,-2.749834,15.123176
25.699999,1.378159,2.752023,1.621841,-2.752023,15.147262
25.799999,1.378789,2.754097,1.621211,-2.754097,15.170106
25.899999,1.379411,2.756058,1.620589,-2.756058,15.191707
25.999999,1.380025,2.757904,1.619975,-2.757904,15.212071
26.099999,1.380630,2.759638,1.619370,-2.759638,15.231200
26.199999,1.381227,2.761257,1.618773,-2.761257,15.249086
26.299999,1.381817,2.762764,1.618183,-2.762764,15.265730
26.399999,1.382399,2.764158,1.617601,-2.764158,15.281138
26.499999,1.382972,2.765440,1.617028,-2.765440,15.295315
26.599999,1.383539,2.766609,1.616461,-2.766609,15.308255
26.699999,1.384098,2.767667,1.615902,-2.767667,15.319959
26.799999,1.384649,2.768613,1.615351,-2.768613,15.330433
26.899999,1.385194,2.769448,1.614806,-2.769448,15.339682
26.999999,1.385731,2.770172,1.614269,-2.770172,15.347708
27.099999,1.386261,2.770786,1.613739,-2.770786,15.354508
27.199999,1.386784,2.771289,1.613216,-2.771289,15.360088
27.299999,1.387300,2.771683,1.612700,-2.771683,15.364455
27.399999,1.387810,2.771968,1.612190,-2.771968,15.367616
27.499999,1.388312,2.772144,1.611688,-2.772144,15.369569
27.599999,1.388809,2.772212,1.611191,-2.772212,15.370317
27.699999,1.389298,2.772171,1.610702,-2.772171,15.369867
27.799999,1.389781,2.772023,1.610219,-2.772023,15.368227
27.899999,1.390258,2.771769,1.609742,-2.771769,15.365405
27.999999,1.390729,2.771408,1.609271,-2.771408,15.361400
28.099999,1.391193,2.770940,1.608807,-2.770940,15.356217
28.199999,1.391651,2.770367,1.608349,-2.770367,15.349864
28.299999,1.392103,2.769689,1.607897,-2.769689,15.342350
28.399999,1.392550,2.768906,1.607450,-2.768906,15.333685
28.499999,1.392990,2.768020,1.607010,-2.768020,15.323871
28.599999,1.393424,2.767030,1.606576,-2.767030,15.312912
28.699999,1.393853,2.765937,1.606147,-2.765937,15.300817
28.799999,1.394276,2.764742,1.605724,-2.764742,15.287595
28.899999,1.394694,2.763445,1.605306,-2.763445,15.273256
28.999999,1.395106,2.762047,1.604894,-2.762047,15.257809
29.099999,1.395512,2.760549,1.604488,-2.760549,15.241259
29.199999,1.395913,2.758950,1.604087,-2.758950,15.223611
29.299999,1.396309,2.757252,1.603691,-2.757252,15.204876
29.399999,1.396700,2.755455,1.603300,-2.755455,15.185064
29.499999,1.397085,2.753560,1.602915,-2.753560,15.164185
29.599999,1.397466,2.751568,1.602534,-2.751568,15.142251
29.699999,1.397841,2.749479,1.602159,-2.749479,15.119269
29.799999,1.398211,2.747293,1.601789,-2.747293,15.095243
29.899999,1.398576,2.745012,1.601424,-2.745012,15.070184
29.999999,1.398937,2.742636,1.601063,-2.742636,15.044105
30.099999,1.399292,2.740166,1.600708,-2.740166,15.017017
30.199999,1.399643,2.737602,1.600357,-2.737602,14.988930
30.299999,1.399989,2.734946,1.600011,-2.734946,14.959857
30.399999,1.400331,2.732197,1.599669,-2.732197,14.929803
30.499999,1.400667,2.729357,1.599333,-2.729357,14.898778
30.599999,1.401000,2.726426,1.599000,-2.726426,14.866794
30.699999,1.401328,2.723404,1.598672,-2.723404,14.833862
30.799999,1.401651,2.720294,1.598349,-2.720294,14.799995
30.899999,1.401970,2.717094,1.598030,-2.717094,14.765204
30.999999,1.402285,2.713807,1.597715,-2.713807,14.729502
31.099999,1.402595,2.710434,1.597405,-2.710434,14.692900
31.199999,1.402901,2.706973,1.597099,-2.706973,14.655404
31.299999,1.403203,2.703426,1.596797,-2.703426,14.617028
31.399999,1.403501,2.699795,1.596499,-2.699795,14.577782
31.499999,1.403794,2.696079,1.596206,-2.696079,14.537681
31.599999,1.404084,2.692279,1.595916,-2.692279,14.496736
31.699999,1.404370,2.688397,1.595630,-2.688397,14.454961
31.799999,1.404651,2.684434,1.595349,-2.684434,14.412368
31.899999,1.404929,2.680389,1.595071,-2.680389,14.368970
31.999999,1.405203,2.676264,1.594797,-2.676264,14.324774
32.099999,1.405473,2.672058,1.594527,-2.672058,14.279793
32.199999,1.405739,2.667774,1.594261,-2.667774,14.234040
32.299999,1.406002,2.663412,1.593998,-2.663412,14.187527
32.399999,1.406260,2.658972,1.593740,-2.658972,14.140267
32.499999,1.406515,2.654456,1.593485,-2.654456,14.092275
32.599999,1.406767,2.649864,1.593233,-2.649864,14.043561
32.699999,1.407015,2.645198,1.592985,-2.645198,13.994141
32.799999,1.407259,2.640457,1.592741,-2.640457,13.944026
32.899999,1.407500,2.635643,1.592500,-2.635643,13.893228
32.999999,1.407737,2.630756,1.592263,-2.630756,13.841757
33.099999,1.407971,2.625798,1.592029,-2.625798,13.789626
33.199999,1.408201,2.620768,1.591799,-2.620768,13.736848
33.299999,1.408428,2.615668,1.591572,-2.615668,13.683436
33.399999,1.408652,2.610498,1.591348,-2.610498,13.629403
33.499999,1.408873,2.605260,1.591127,-2.605260,13.574763
33.599999,1.409090,2.599955,1.590910,-2.599955,13.519529
33.699999,1.409304,2.594582,1.590696,-2.594582,13.463713
33.799999,1.409514,2.589144,1.590486,-2.589144,13.407329
33.899999,1.409722,2.583640,1.590278,-2.583640,13.350390
33.999999,1.409926,2.578072,1.590074,-2.578072,13.292905
34.099999,1.410127,2.572439,1.589873,-2.572439,13.234888
34.199999,1.410326,2.566744,1.589674,-2.566744,13.176350
34.299999,1.410521,2.560987,1.589479,-2.560987,13.117305
34.399999,1.410713,2.555168,1.589287,-2.555168,13.057765
34.499999,1.410902,2.549288,1.589098,-2.549288,12.997743
34.599999,1.411088,2.543349,1.588912,-2.543349,12.937252
34.699999,1.411272,2.537351,1.588728,-2.537351,12.876304
34.799999,1.411452,2.531295,1.588548,-2.531295,12.814913
34.899999,1.411630,2.525182,1.588370,-2.525182,12.753091
34.999999,1.411804,2.519013,1.588196,-2.519013,12.690850
35.099999,1.411976,2.512788,1.588024,-2.512788,12.628204
35.199999,1.412145,2.506508,1.587855,-2.506508,12.565163
35.299999,1.412311,2.500174,1.587689,-2.500174,12.501740
35.399999,1.412474,2.493787,1.587526,-2.493787,12.437946
35.499999,1.412635,2.487347,1.587365,-2.487347,12.373792
35.599999,1.412793,2.480856,1.587207,-2.480856,12.309290
35.699999,1.412948,2.474313,1.587052,-2.474313,12.244454
35.799999,1.413101,2.467721,1.586899,-2.467721,12.179294
35.899999,1.413251,2.461079,1.586749,-2.461079,12.113823
35.999999,1.413399,2.454389,1.586601,-2.454389,12.048052
36.099999,1.413544,2.447651,1.586456,-2.447651,11.981994
36.199999,1.413686,2.440867,1.586314,-2.440867,11.915660
36.299999,1.413826,2.434036,1.586174,-2.434036,11.849062
36.399999,1.413963,2.427160,1.586037,-2.427160,11.782210
36.499999,1.414098,2.420239,1.585902,-2.420239,11.715118
36.599999,1.414230,2.413275,1.585770,-2.413275,11.647796
36.699999,1.414360,2.406268,1.585640,-2.406268,11.580255
36.799999,1.414487,2.399219,1.585513,-2.399219,11.512507
36.899999,1.414612,2.392129,1.585388,-2.392129,11.444562
36.999999,1.414735,2.384998,1.585265,-2.384998,11.376431
37.099999,1.414855,2.377827,1.585145,-2.377827,11.308123
37.199999,1.414973,2.370617,1.585027,-2.370617,11.239649
37.299999,1.415088,2.363368,1.584912,-2.363368,11.171021
37.399999,1.415202,2.356082,1.584798,-2.356082,11.102248
37.499999,1.415313,2.348759,1.584687,-2.348759,11.033341
37.599999,1.415421,2.341400,1.584579,-2.341400,10.964311
37.699999,1.415528,2.334006,1.584472,-2.334006,10.895167
37.799999,1.415632,2.326577,1.584368,-2.326577,10.825920
37.899999,1.415734,2.319114,1.584266,-2.319114,10.756580
37.999999,1.415834,2.311618,1.584166,-2.311618,10.687157
38.099999,1.415931,2.304090,1.584069,-2.304090,10.617661
38.199999,1.416027,2.296530,1.583973,-2.296530,10.548101
38.299999,1.416120,2.288939,1.583880,-2.288939,10.478486
38.399999,1.416211,2.281318,1.583789,-2.281318,10.408827
38.499999,1.416300,2.273668,1.583700,-2.273668,10.339133
38.599999,1.416387,2.265989,1.583613,-2.265989,10.269413
38.699999,1.416472,2.258282,1.583528,-2.258282,10.199676
38.799999,1.416555,2.250548,1.583445,-2.250548,10.129931
38.899999,1.416635,2.242787,1.583365,-2.242787,10.060188
38.999999,1.416714,2.235000,1.583286,-2.235000,9.990454
39.099999,1.416790,2.227189,1.583210,-2.227189,9.920739
39.199999,1.416865,2.219352,1.583135,-2.219352,9.851051
39.299999,1.416937,2.211492,1.583063,-2.211492,9.781398
39.399999,1.417008,2.203609,1.582992,-2.203609,9.711789
39.499999,1.417076,2.195704,1.582924,-2.195704,9.642232
39.599999,1.417143,2.187777,1.582857,-2.187777,9.572734
39.699999,1.417207,2.179828,1.582793,-2.179828,9.503303
39.799999,1.417270,2.171860,1.582730,-2.171860,9.433948
39.899999,1.417331,2.163871,1.582669,-2.163871,9.364675
39.999999,1.417389,2.155863,1.582611,-2.155863,9.295492
40.099999,1.417446,2.147837,1.582554,-2.147837,9.226407
40.199999,1.417501,2.139793,1.582499,-2.139793,9.157428
40.299999,1.417555,2.131732,1.582445,-2.131732,9.088561
40.399999,1.417606,2.123654,1.582394,-2.123654,9.019813
40.499999,1.417656,2.115560,1.582344,-2.115560,8.951192
40.599999,1.417703,2.107452,1.582297,-2.107452,8.882705
40.699999,1.417749,2.099328,1.582251,-2.099328,8.814357
40.799999,1.417793,2.091191,1.582207,-2.091191,8.746156
40.899999,1.417835,2.083040,1.582165,-2.083040,8.678109
40.999999,1.417876,2.074876,1.582124,-2.074876,8.610221
41.099999,1.417914,2.066700,1.582086,-2.066700,8.542499
41.199999,1.417951,2.058513,1.582049,-2.058513,8.474949
41.299999,1.417986,2.050314,1.582014,-2.050314,8.407577
41.399999,1.418020,2.042106,1.581980,-2.042106,8.340390
41.499999,1.418051,2.033887,1.581949,-2.033887,8.273392
41.599999,1.418081,2.025659,1.581919,-2.025659,8.206590
41.699999,1.418109,2.017423,1.581891,-2.017423,8.139989
41.799999,1.418136,2.009178,1.581864,-2.009178,8.073594
41.899999,1.418161,2.000926,1.581839,-2.000926,8.007412
41.999999,1.418184,1.992667,1.581816,-1.992667,7.941446
42.099999,1.418205,1.984402,1.581795,-1.984402,7.875703
42.199999,1.418225,1.976131,1.581775,-1.976131,7.810187
42.299999,1.418243,1.967855,1.581757,-1.967855,7.744904
42.399999,1.418259,1.959574,1.581741,-1.959574,7.679857
42.499999,1.418274,1.951288,1.581726,-1.951288,7.615052
42.599999,1.418287,1.942999,1.581713,-1.942999,7.550493
42.699999,1.418298,1.934707,1.581702,-1.934707,7.486184
42.799999,1.418308,1.926413,1.581692,-1.926413,7.422130
42.899999,1.418316,1.918116,1.581684,-1.918116,7.358336
42.999999,1.418323,1.909817,1.581677,-1.909817,7.294805
43.099999,1.418328,1.901518,1.581672,-1.901518,7.231541
43.199999,1.418331,1.893218,1.581669,-1.893218,7.168548
43.299999,1.418333,1.884918,1.581667,-1.884918,7.105830
43.399999,1.418333,1.876618,1.581667,-1.876618,7.043391
43.499999,1.418332,1.868319,1.581668,-1.868319,6.981234
43.599999,1.418329,1.860022,1.581671,-1.860022,6.919363
43.699999,1.418324,1.851726,1.581676,-1.851726,6.857780
43.799999,1.418318,1.843433,1.581682,-1.843433,6.796491
43.899999,1.418311,1.835143,1.581689,-1.835143,6.735496
43.999999,1.418302,1.826855,1.581698,-1.826855,6.674801
44.099999,1.418291,1.818572,1.581709,-1.818572,6.614407
44.199999,1.418279,1.810292,1.581721,-1.810292,6.554318
44.299999,1.418265,1.802018,1.581735,-1.802018,6.494536
44.399999,1.418250,1.793748,1.581750,-1.793748,6.435064
44.499999,1.418233,1.785484,1.581767,-1.785484,6.375904
44.599999,1.418215,1.777225,1.581785,-1.777225,6.317060
44.699999,1.418195,1.768973,1.581805,-1.768973,6.258534
44.799999,1.418174,1.760728,1.581826,-1.760728,6.200327
44.899999,1.418151,1.752490,1.581849,-1.752490,6.142443
44.999999,1.418127,1.744259,1.581873,-1.744259,6.084882
45.099999,1.418101,1.736037,1.581899,-1.736037,6.027649
45.199999,1.418074,1.727823,1.581926,-1.727823,5.970743
45.299999,1.418046,1.719617,1.581954,-1.719617,5.914168
45.399999,1.418016,1.711421,1.581984,-1.711421,5.857924
45.499999,1.417984,1.703234,1.582016,-1.703234,5.802015
45.599999,1.417951,1.695058,1.582049,-1.695058,5.746441
45.699999,1.417917,1.686891,1.582083,-1.686891,5.691204
45.799999,1.417881,1.678735,1.582119,-1.678735,5.636305
45.899999,1.417844,1.670591,1.582156,-1.670591,5.581746
45.999999,1.417805,1.662457,1.582195,-1.662457,5.527528
46.099999,1.417765,1.654336,1.582235,-1.654336,5.473653
46.199999,1.417723,1.646226,1.582277,-1.646226,5.420121
46.299999,1.417680,1.638129,1.582320,-1.638129,5.366934
46.399999,1.417636,1.630045,1.582364,-1.630045,5.314093
46.499999,1.417590,1.621974,1.582410,-1.621974,5.261598
46.599999,1.417543,1.613916,1.582457,-1.613916,5.209450
46.699999,1.417495,1.605872,1.582505,-1.605872,5.157651
46.799999,1.417445,1.597842,1.582555,-1.597842,5.106201
46.899999,1.417393,1.589827,1.582607,-1.589827,5.055101
46.999999,1.417340,1.581827,1.582660,-1.581827,5.004351
47.099999,1.417286,1.573841,1.582714,-1.573841,4.953951
47.199999,1.417231,1.565871,1.582769,-1.565871,4.903903
47.299999,1.417174,1.557916,1.582826,-1.557916,4.854207
47.399999,1.417115,1.549978,1.582885,-1.549978,4.804862
47.499999,1.417056,1.542055,1.582944,-1.542055,4.755870
47.599999,1.416995,1.534150,1.583005,-1.534150,4.707231
47.699999,1.416932,1.526261,1.583068,-1.526261,4.658944
47.799999,1.416869,1.518389,1.583131,-1.518389,4.611009
47.899999,1.416803,1.510534,1.583197,-1.510534,4.563427
47.999999,1.416737,1.502697,1.583263,-1.502697,4.516197
48.099999,1.416669,1.494878,1.583331,-1.494878,4.469320
48.199999,1.416600,1.487077,1.583400,-1.487077,4.422795
48.299999,1.416530,1.479294,1.583470,-1.479294,4.376623
48.399999,1.416458,1.471530,1.583542,-1.471530,4.330802
48.499999,1.416385,1.463785,1.583615,-1.463785,4.285332
48.599999,1.416310,1.456059,1.583690,-1.456059,4.240214
48.699999,1.416234,1.448352,1.583766,-1.448352,4.195447
48.799999,1.416157,1.440665,1.583843,-1.440665,4.151030
48.899999,1.416079,1.432997,1.583921,-1.432997,4.106963
48.999999,1.415999,1.425350,1.584001,-1.425350,4.063245
49.099999,1.415918,1.417723,1.584082,-1.417723,4.019876
49.199999,1.415836,1.410116,1.584164,-1.410116,3.976855
49.299999,1.415752,1.402530,1.584248,-1.402530,3.934181
49.399999,1.415667,1.394965,1.584333,-1.394965,3.891855
49.499999,1.415581,1.387421,1.584419,-1.387421,3.849874
49.599999,1.415493,1.379898,1.584507,-1.379898,3.808238
49.699999,1.415404,1.372397,1.584596,-1.372397,3.766947
49.799999,1.415314,1.364917,1.584686,-1.364917,3.725999
49.899999,1.415222,1.357460,1.584778,-1.357460,3.685394
49.999999,1.415129,1.350024,1.584871,-1.350024,3.645130
50.099999,1.415035,1.342611,1.584965,-1.342611,3.605207
50.199999,1.414940,1.335220,1.585060,-1.335220,3.565623
50.299999,1.414843,1.327851,1.585157,-1.327851,3.526378
50.399999,1.414745,1.320506,1.585255,-1.320506,3.487471
50.499999,1.414645,1.313183,1.585355,-1.313183,3.448899
50.599999,1.414544,1.305883,1.585456,-1.305883,3.410663
50.699999,1.414442,1.298607,1.585558,-1.298607,3.372761
50.799999,1.414339,1.291354,1.585661,-1.291354,3.335191
50.899999,1.414235,1.284125,1.585765,-1.284125,3.297952
50.999999,1.414129,1.276919,1.585871,-1.276919,3.261043
51.099999,1.414021,1.269737,1.585979,-1.269737,3.224463
51.199999,1.413913,1.262579,1.586087,-1.262579,3.188210
51.299999,1.413803,1.255445,1.586197,-1.255445,3.152283
51.399999,1.413692,1.248335,1.586308,-1.248335,3.116680
51.499999,1.413580,1.241250,1.586420,-1.241250,3.081401
51.599999,1.413467,1.234189,1.586533,-1.234189,3.046443
51.699999,1.413352,1.227152,1.586648,-1.227152,3.011806
51.799999,1.413236,1.220141,1.586764,-1.220141,2.977487
51.899999,1.413118,1.213154,1.586882,-1.213154,2.943486
51.999999,1.413000,1.206192,1.587000,-1.206192,2.909800
52.099999,1.412880,1.199256,1.587120,-1.199256,2.876428
52.199999,1.412758,1.192344,1.587242,-1.192344,2.843369
52.299999,1.412636,1.185458,1.587364,-1.185458,2.810621
52.399999,1.412512,1.178597,1.587488,-1.178597,2.778182
52.499999,1.412387,1.171762,1.587613,-1.171762,2.746051
52.599999,1.412261,1.164952,1.587739,-1.164952,2.714226
52.699999,1.412133,1.158168,1.587867,-1.158168,2.682706
52.799999,1.412004,1.151410,1.587996,-1.151410,2.651488
52.899999,1.411874,1.144677,1.588126,-1.144677,2.620571
52.999999,1.411742,1.137970,1.588258,-1.137970,2.589954
53.099999,1.411609,1.131290,1.588391,-1.131290,2.559633
53.199999,1.411475,1.124635,1.588525,-1.124635,2.529609
53.299999,1.411340,1.118007,1.588660,-1.118007,2.499879
53.399999,1.411203,1.111405,1.588797,-1.111405,2.470440
53.499999,1.411066,1.104829,1.588934,-1.104829,2.441293
53.599999,1.410927,1.098279,1.589073,-1.098279,2.412434
53.699999,1.410786,1.091756,1.589214,-1.091756,2.383861
53.799999,1.410645,1.085259,1.589355,-1.085259,2.355574
53.899999,1.410502,1.078789,1.589498,-1.078789,2.327571
53.999999,1.410357,1.072345,1.589643,-1.072345,2.299848
54.099999,1.410212,1.065928,1.589788,-1.065928,2.272406
54.199999,1.410065,1.059538,1.589935,-1.059538,2.245241
54.299999,1.409917,1.053174,1.590083,-1.053174,2.218352
54.399999,1.409768,1.046837,1.590232,-1.046837,2.191737
54.499999,1.409617,1.040527,1.590383,-1.040527,2.165395
54.599999,1.409465,1.034244,1.590535,-1.034244,2.139323
54.699999,1.409312,1.027988,1.590688,-1.027988,2.113519
54.799999,1.409158,1.021759,1.590842,-1.021759,2.087982
54.899999,1.409002,1.015556,1.590998,-1.015556,2.062709
54.999999,1.408845,1.009381,1.591155,-1.009381,2.037699
55.099999,1.408687,1.003232,1.591313,-1.003232,2.012950
55.199999,1.408527,0.997111,1.591473,-0.997111,1.988460
55.299999,1.408366,0.991017,1.591634,-0.991017,1.964228
55.399999,1.408204,0.984949,1.591796,-0.984949,1.940250
55.499999,1.408041,0.978909,1.591959,-0.978909,1.916526
55.599999,1.407876,0.972896,1.592124,-0.972896,1.893053
55.699999,1.407710,0.966910,1.592290,-0.966910,1.869829
55.799999,1.407543,0.960951,1.592457,-0.960951,1.846854
55.899999,1.407374,0.955019,1.592626,-0.955019,1.824124
55.999999,1.407204,0.949115,1.592796,-0.949115,1.801638
56.099999,1.407033,0.943237,1.592967,-0.943237,1.779394
56.199999,1.406861,0.937387,1.593139,-0.937387,1.757389
56.299999,1.406687,0.931564,1.593313,-0.931564,1.735623
56.399999,1.406512,0.925768,1.593488,-0.925768,1.714093
56.499999,1.406336,0.919999,1.593664,-0.919999,1.692797
56.599999,1.406158,0.914257,1.593842,-0.914257,1.671734
56.699999,1.405980,0.908543,1.594020,-0.908543,1.650901
56.799999,1.405800,0.902856,1.594200,-0.902856,1.630296
56.899999,1.405618,0.897195,1.594382,-0.897195,1.609918
56.999999,1.405435,0.891562,1.594565,-0.891562,1.589766
57.099999,1.405251,0.885956,1.594749,-0.885956,1.569836
57.199999,1.405066,0.880377,1.594934,-0.880377,1.550127
57.299999,1.404879,0.874825,1.595121,-0.874825,1.530637
57.399999,1.404691,0.869300,1.595309,-0.869300,1.511365
57.499999,1.404502,0.863802,1.595498,-0.863802,1.492309
57.599999,1.404312,0.858331,1.595688,-0.858331,1.473465
57.699999,1.404120,0.852887,1.595880,-0.852887,1.454834
57.799999,1.403927,0.847470,1.596073,-0.847470,1.436412
57.899999,1.403732,0.842080,1.596268,-0.842080,1.418199
57.999999,1.403536,0.836717,1.596464,-0.836717,1.400191
58.099999,1.403339,0.831381,1.596661,-0.831381,1.382388
58.199999,1.403141,0.826071,1.596859,-0.826071,1.364788
58.299999,1.402941,0.820789,1.597059,-0.820789,1.347388
58.399999,1.402740,0.815533,1.597260,-0.815533,1.330187
58.499999,1.402538,0.810304,1.597462,-0.810304,1.313184
58.599999,1.402334,0.805101,1.597666,-0.805101,1.296375
58.699999,1.402129,0.799925,1.597871,-0.799925,1.279761
58.799999,1.401923,0.794776,1.598077,-0.794776,1.263338
58.899999,1.401715,0.789653,1.598285,-0.789653,1.247105
58.999999,1.401506,0.784557,1.598494,-0.784557,1.231060
59.099999,1.401296,0.779487,1.598704,-0.779487,1.215201
59.199999,1.401085,0.774444,1.598915,-0.774444,1.199527
59.299999,1.400872,0.769427,1.599128,-0.769427,1.184036
59.399999,1.400657,0.764437,1.599343,-0.764437,1.168727
59.499999,1.400442,0.759472,1.599558,-0.759472,1.153596
59.599999,1.400225,0.754534,1.599775,-0.754534,1.138644
59.699999,1.400007,0.749622,1.599993,-0.749622,1.123868
59.799999,1.399787,0.744737,1.600213,-0.744737,1.109266
59.899999,1.399566,0.739877,1.600434,-0.739877,1.094836
59.999999,1.399344,0.735043,1.600656,-0.735043,1.080578
60.099999,1.399120,0.730236,1.600880,-0.730236,1.066489
60.199999,1.398895,0.725454,1.601105,-0.725454,1.052567
60.299999,1.398669,0.720698,1.601331,-0.720698,1.038812
60.399999,1.398441,0.715968,1.601559,-0.715968,1.025220
60.499999,1.398212,0.711264,1.601788,-0.711264,1.011792
60.599999,1.397982,0.706585,1.602018,-0.706585,0.998524
60.699999,1.397750,0.701932,1.602250,-0.701932,0.985416
60.799999,1.397517,0.697304,1.602483,-0.697304,0.972466
60.899999,1.397282,0.692702,1.602718,-0.692702,0.959672
60.999999,1.397046,0.688125,1.602954,-0.688125,0.947033
61.099999,1.396809,0.683574,1.603191,-0.683574,0.934547
61.199999,1.396571,0.679048,1.603429,-0.679048,0.922212
61.299999,1.396331,0.674547,1.603669,-0.674547,0.910027
61.399999,1.396089,0.670071,1.603911,-0.670071,0.897991
61.499999,1.395847,0.665620,1.604153,-0.665620,0.886101
61.599999,1.395603,0.661195,1.604397,-0.661195,0.874357
61.699999,1.395357,0.656794,1.604643,-0.656794,0.862757
61.799999,1.395110,0.652418,1.604890,-0.652418,0.851299
61.899999,1.394862,0.648067,1.605138,-0.648067,0.839982
61.999999,1.394612,0.643741,1.605388,-0.643741,0.828804
62.099999,1.394361,0.639439,1.605639,-0.639439,0.817764
62.199999,1.394109,0.635162,1.605891,-0.635162,0.806860
62.299999,1.393855,0.630909,1.606145,-0.630909,0.796092
62.399999,1.393600,0.626680,1.606400,-0.626680,0.785457
62.499999,1.393343,0.622476,1.606657,-0.622476,0.774954
62.599999,1.393085,0.618297,1.606915,-0.618297,0.764582
62.699999,1.392826,0.614141,1.607174,-0.614141,0.754339
62.799999,1.392565,0.610010,1.607435,-0.610010,0.744223
62.899999,1.392303,0.605902,1.607697,-0.605902,0.734235
62.999999,1.392039,0.601819,1.607961,-0.601819,0.724371
63.099999,1.391774,0.597759,1.608226,-0.597759,0.714631
63.199999,1.391508,0.593723,1.608492,-0.593723,0.705014
63.299999,1.391240,0.589711,1.608760,-0.589711,0.695518
63.399999,1.390971,0.585722,1.609029,-0.585722,0.686141
63.499999,1.390700,0.581757,1.609300,-0.581757,0.676883
63.599999,1.390428,0.577815,1.609572,-0.577815,0.667741
63.699999,1.390154,0.573897,1.609846,-0.573897,0.658716
63.799999,1.389879,0.570002,1.610121,-0.570002,0.649805
63.899999,1.389603,0.566130,1.610397,-0.566130,0.641007
63.999999,1.389325,0.562282,1.610675,-0.562282,0.632321
64.099999,1.389046,0.558456,1.610954,-0.558456,0.623746
64.199999,1.388765,0.554653,1.611235,-0.554653,0.615280
64.299999,1.388483,0.550873,1.611517,-0.550873,0.606922
64.399999,1.388199,0.547116,1.611801,-0.547116,0.598672
64.499999,1.387914,0.543381,1.612086,-0.543381,0.590527
64.599999,1.387627,0.539670,1.612373,-0.539670,0.582486
64.699999,1.387339,0.535980,1.612661,-0.535980,0.574549
64.799999,1.387050,0.532313,1.612950,-0.532313,0.566715
64.899999,1.386759,0.528668,1.613241,-0.528668,0.558981
64.999999,1.386467,0.525046,1.613533,-0.525046,0.551347
65.099999,1.386173,0.521446,1.613827,-0.521446,0.543811
65.199999,1.385878,0.517867,1.614122,-0.517867,0.536373
65.299999,1.385581,0.514311,1.614419,-0.514311,0.529032
65.399999,1.385282,0.510777,1.614718,-0.510777,0.521786
65.499999,1.384983,0.507264,1.615017,-0.507264,0.514634
65.599999,1.384681,0.503773,1.615319,-0.503773,0.507575
65.699999,1.384379,0.500304,1.615621,-0.500304,0.500608
65.799999,1.384075,0.496856,1.615925,-0.496856,0.493731
65.899999,1.383769,0.493429,1.616231,-0.493429,0.486945
65.999999,1.383462,0.490024,1.616538,-0.490024,0.480248
66.099999,1.383153,0.486640,1.616847,-0.486640,0.473638
66.199999,1.382843,0.483278,1.617157,-0.483278,0.467115
66.299999,1.382531,0.479936,1.617469,-0.479936,0.460677
66.399999,1.382218,0.476615,1.617782,-0.476615,0.454324
66.499999,1.381903,0.473316,1.618097,-0.473316,0.448055
66.599999,1.381587,0.470036,1.618413,-0.470036,0.441869
66.699999,1.381269,0.466778,1.618731,-0.466778,0.435764
66.799999,1.380950,0.463540,1.619050,-0.463540,0.429739
66.899999,1.380630,0.460323,1.619370,-0.460323,0.423795
66.999999,1.380307,0.457126,1.619693,-0.457126,0.417929
67.099999,1.379983,0.453950,1.620017,-0.453950,0.412140
67.199998,1.379658,0.450793,1.620342,-0.450793,0.406429
67.299998,1.379331,0.447657,1.620669,-0.447657,0.400794
67.399998,1.379003,0.444541,1.620997,-0.444541,0.395233
67.499998,1.378673,0.441445,1.621327,-0.441445,0.389747
67.599998,1.378342,0.438368,1.621658,-0.438368,0.384333
67.699998,1.378009,0.435312,1.621991,-0.435312,0.378992
67.799998,1.377674,0.432275,1.622326,-0.432275,0.373723
67.899998,1.377338,0.429257,1.622662,-0.429257,0.368523
67.999998,1.377001,0.426259,1.622999,-0.426259,0.363394
68.099998,1.376661,0.423281,1.623339,-0.423281,0.358333
68.199998,1.376321,0.420321,1.623679,-0.420321,0.353340
68.299998,1.375978,0.417381,1.624022,-0.417381,0.348414
68.399998,1.375635,0.414460,1.624365,-0.414460,0.343555
68.499998,1.375289,0.411558,1.624711,-0.411558,0.338761
68.599998,1.374942,0.408675,1.625058,-0.408675,0.334031
68.699998,1.374594,0.405811,1.625406,-0.405811,0.329365
68.799998,1.374244,0.402966,1.625756,-0.402966,0.324763
68.899998,1.373892,0.400139,1.626108,-0.400139,0.320222
68.999998,1.373539,0.397331,1.626461,-0.397331,0.315743
69.099998,1.373184,0.394541,1.626816,-0.394541,0.311325
69.199998,1.372827,0.391769,1.627173,-0.391769,0.306966
69.299998,1.372469,0.389016,1.627531,-0.389016,0.302667
69.399998,1.372110,0.386281,1.627890,-0.386281,0.298426
69.499998,1.371749,0.383564,1.628251,-0.383564,0.294242
69.599998,1.371386,0.380865,1.628614,-0.380865,0.290116
69.699998,1.371021,0.378184,1.628979,-0.378184,0.286046
69.799998,1.370655,0.375520,1.629345,-0.375520,0.282031
69.899998,1.370288,0.372875,1.629712,-0.372875,0.278071
69.999998,1.369919,0.370247,1.630081,-0.370247,0.274166
70.099998,1.369548,0.367636,1.630452,-0.367636,0.270313
70.199998,1.369175,0.365043,1.630825,-0.365043,0.266513
70.299998,1.368801,0.362468,1.631199,-0.362468,0.262766
70.399998,1.368426,0.359909,1.631574,-0.359909,0.259069
70.499998,1.368048,0.357368,1.631952,-0.357368,0.255424
70.599998,1.367670,0.354844,1.632330,-0.354844,0.251828
70.699998,1.367289,0.352337,1.632711,-0.352337,0.248282
70.799998,1.366907,0.349846,1.633093,-0.349846,0.244785
70.899998,1.366523,0.347373,1.633477,-0.347373,0.241336
70.999998,1.366138,0.344916,1.633862,-0.344916,0.237934
71.099998,1.365751,0.342476,1.634249,-0.342476,0.234579
71.199998,1.365362,0.340052,1.634638,-0.340052,0.231271
71.299998,1.364972,0.337645,1.635028,-0.337645,0.228008
71.399998,1.364580,0.335254,1.635420,-0.335254,0.224790
71.499998,1.364186,0.332879,1.635814,-0.332879,0.221617
71.599998,1.363791,0.330521,1.636209,-0.330521,0.218488
71.699998,1.363394,0.328178,1.636606,-0.328178,0.215402
71.799998,1.362995,0.325852,1.637005,-0.325852,0.212359
71.899998,1.362595,0.323541,1.637405,-0.323541,0.209358
71.999998,1.362193,0.321246,1.637807,-0.321246,0.206398
72.099998,1.361789,0.318967,1.638211,-0.318967,0.203480
72.199998,1.361384,0.316704,1.638616,-0.316704,0.200603
72.299998,1.360977,0.314456,1.639023,-0.314456,0.197765
72.399998,1.360568,0.312224,1.639432,-0.312224,0.194967
72.499998,1.360158,0.310007,1.639842,-0.310007,0.192208
72.599998,1.359746,0.307805,1.640254,-0.307805,0.189488
72.699998,1.359333,0.305618,1.640667,-0.305618,0.186805
72.799998,1.358917,0.303447,1.641083,-0.303447,0.184160
72.899998,1.358500,0.301291,1.641500,-0.301291,0.181552
72.999998,1.358082,0.299149,1.641918,-0.299149,0.178980
73.099998,1.357661,0.297022,1.642339,-0.297022,0.176445
73.199998,1.357239,0.294911,1.642761,-0.294911,0.173944
73.299998,1.356815,0.292813,1.643185,-0.292813,0.171479
73.399998,1.356390,0.290731,1.643610,-0.290731,0.169049
73.499998,1.355963,0.288663,1.644037,-0.288663,0.166652
73.599998,1.355534,0.286609,1.644466,-0.286609,0.164289
73.699998,1.355103,0.284570,1.644897,-0.284570,0.161960
73.799998,1.354671,0.282544,1.645329,-0.282544,0.159663
73.899998,1.354237,0.280534,1.645763,-0.280534,0.157398
73.999998,1.353801,0.278537,1.646199,-0.278537,0.155165
74.099998,1.353364,0.276554,1.646636,-0.276554,0.152964
74.199998,1.352924,0.274585,1.647076,-0.274585,0.150794
74.299998,1.352484,0.272630,1.647516,-0.272630,0.148654
74.399998,1.352041,0.270688,1.647959,-0.270688,0.146545
74.499998,1.351597,0.268761,1.648403,-0.268761,0.144465
74.599998,1.351151,0.266847,1.648849,-0.266847,0.142414
74.699998,1.350703,0.264946,1.649297,-0.264946,0.140393
74.799998,1.350253,0.263059,1.649747,-0.263059,0.138400
74.899998,1.349802,0.261185,1.650198,-0.261185,0.136435
74.999998,1.349349,0.259325,1.650651,-0.259325,0.134499
75.099998,1.348894,0.257477,1.651106,-0.257477,0.132589
75.199998,1.348438,0.255643,1.651562,-0.255643,0.130707
75.299998,1.347980,0.253822,1.652020,-0.253822,0.128851
75.399998,1.347520,0.252014,1.652480,-0.252014,0.127022
75.499998,1.347058,0.250218,1.652942,-0.250218,0.125218
75.599998,1.346594,0.248435,1.653406,-0.248435,0.123440
75.699998,1.346129,0.246665,1.653871,-0.246665,0.121688
75.799998,1.345662,0.244908,1.654338,-0.244908,0.119960
75.899998,1.345194,0.243163,1.654806,-0.243163,0.118257
75.999998,1.344723,0.241431,1.655277,-0.241431,0.116578
76.099998,1.344251,0.239711,1.655749,-0.239711,0.114923
76.199998,1.343777,0.238004,1.656223,-0.238004,0.113291
76.299998,1.343301,0.236308,1.656699,-0.236308,0.111683
76.399998,1.342824,0.234625,1.657176,-0.234625,0.110098
76.499998,1.342344,0.232954,1.657656,-0.232954,0.108535
76.599998,1.341863,0.231295,1.658137,-0.231295,0.106995
76.699998,1.341380,0.229648,1.658620,-0.229648,0.105476
76.799998,1.340896,0.228012,1.659104,-0.228012,0.103979
76.899998,1.340409,0.226389,1.659591,-0.226389,0.102504
76.999998,1.339921,0.224777,1.660079,-0.224777,0.101049
77.099998,1.339431,0.223177,1.660569,-0.223177,0.099616
77.199998,1.338940,0.221588,1.661060,-0.221588,0.098203
77.299998,1.338446,0.220011,1.661554,-0.220011,0.096810
77.399998,1.337951,0.218446,1.662049,-0.218446,0.095437
77.499998,1.337454,0.216891,1.662546,-0.216891,0.094084
77.599998,1.336955,0.215348,1.663045,-0.215348,0.092750
77.699998,1.336455,0.213816,1.663545,-0.213816,0.091435
77.799998,1.335952,0.212295,1.664048,-0.212295,0.090139
77.899998,1.335448,0.210786,1.664552,-0.210786,0.088861
77.999998,1.334942,0.209287,1.665058,-0.209287,0.087602
78.099998,1.334434,0.207799,1.665566,-0.207799,0.086361
78.199998,1.333925,0.206322,1.666075,-0.206322,0.085138
78.299998,1.333413,0.204856,1.666587,-0.204856,0.083932
78.399998,1.332900,0.203400,1.667100,-0.203400,0.082743
78.499998,1.332385,0.201955,1.667615,-0.201955,0.081572
78.599998,1.331869,0.200521,1.668131,-0.200521,0.080417
78.699998,1.331350,0.199097,1.668650,-0.199097,0.079279
78.799998,1.330830,0.197684,1.669170,-0.197684,0.078158
78.899998,1.330308,0.196281,1.669692,-0.196281,0.077052
78.999998,1.329784,0.194888,1.670216,-0.194888,0.075963
79.099998,1.329258,0.193505,1.670742,-0.193505,0.074889
79.199998,1.328731,0.192133,1.671269,-0.192133,0.073830
79.299998,1.328201,0.190771,1.671799,-0.190771,0.072787
79.399998,1.327670,0.189418,1.672330,-0.189418,0.071759
79.499998,1.327137,0.188076,1.672863,-0.188076,0.070745
79.599998,1.326603,0.186743,1.673397,-0.186743,0.069746
79.699998,1.326066,0.185421,1.673934,-0.185421,0.068762
79.799998,1.325528,0.184108,1.674472,-0.184108,0.067791
79.899998,1.324988,0.182805,1.675012,-0.182805,0.066835
79.999998,1.324446,0.181511,1.675554,-0.181511,0.065892
80.099998,1.323902,0.180227,1.676098,-0.180227,0.064964
80.199998,1.323356,0.178952,1.676644,-0.178952,0.064048
80.299998,1.322809,0.177687,1.677191,-0.177687,0.063146
80.399998,1.322260,0.176431,1.677740,-0.176431,0.062256
80.499998,1.321709,0.175185,1.678291,-0.175185,0.061380
80.599998,1.321156,0.173948,1.678844,-0.173948,0.060516
80.699998,1.320602,0.172720,1.679398,-0.172720,0.059664
80.799998,1.320045,0.171501,1.679955,-0.171501,0.058825
80.899998,1.319487,0.170291,1.680513,-0.170291,0.057998
80.999998,1.318927,0.169090,1.681073,-0.169090,0.057183
81.099998,1.318365,0.167898,1.681635,-0.167898,0.056380
81.199998,1.317802,0.166715,1.682198,-0.166715,0.055588
81.299998,1.317236,0.165541,1.682764,-0.165541,0.054807
81.399998,1.316669,0.164375,1.683331,-0.164375,0.054038
81.499998,1.316100,0.163218,1.683900,-0.163218,0.053280
81.599998,1.315529,0.162070,1.684471,-0.162070,0.052533
81.699998,1.314957,0.160930,1.685043,-0.160930,0.051797
81.799998,1.314382,0.159799,1.685618,-0.159799,0.051072
81.899998,1.313806,0.158677,1.686194,-0.158677,0.050357
81.999998,1.313228,0.157562,1.686772,-0.157562,0.049652
82.099998,1.312648,0.156456,1.687352,-0.156456,0.048957
82.199998,1.312066,0.155359,1.687934,-0.155359,0.048273
82.299998,1.311483,0.154269,1.688517,-0.154269,0.047598
82.399998,1.310898,0.153188,1.689102,-0.153188,0.046933
82.499998,1.310311,0.152115,1.689689,-0.152115,0.046278
82.599998,1.309722,0.151050,1.690278,-0.151050,0.045632
82.699998,1.309131,0.149993,1.690869,-0.149993,0.044996
82.799998,1.308539,0.148943,1.691461,-0.148943,0.044368
82.899998,1.307944,0.147902,1.692056,-0.147902,0.043750
82.999998,1.307348,0.146869,1.692652,-0.146869,0.043141
83.099998,1.306751,0.145843,1.693249,-0.145843,0.042540
83.199998,1.306151,0.144825,1.693849,-0.144825,0.041948
83.299998,1.305550,0.143815,1.694450,-0.143815,0.041365
83.399998,1.304946,0.142812,1.695054,-0.142812,0.040790
83.499998,1.304341,0.141817,1.695659,-0.141817,0.040224
83.599998,1.303735,0.140829,1.696265,-0.140829,0.039666
83.699998,1.303126,0.139849,1.696874,-0.139849,0.039115
83.799998,1.302516,0.138876,1.697484,-0.138876,0.038573
83.899998,1.301904,0.137911,1.698096,-0.137911,0.038039
83.999998,1.301290,0.136952,1.698710,-0.136952,0.037512
84.099998,1.300674,0.136001,1.699326,-0.136001,0.036993
84.199998,1.300057,0.135058,1.699943,-0.135058,0.036481
84.299998,1.299437,0.134121,1.700563,-0.134121,0.035977
84.399998,1.298816,0.133192,1.701184,-0.133192,0.035480
84.499998,1.298194,0.132269,1.701806,-0.132269,0.034990
84.599998,1.297569,0.131354,1.702431,-0.131354,0.034508
84.699998,1.296943,0.130445,1.703057,-0.130445,0.034032
84.799998,1.296315,0.129543,1.703685,-0.129543,0.033563
84.899998,1.295685,0.128649,1.704315,-0.128649,0.033101
84.999998,1.295053,0.127761,1.704947,-0.127761,0.032646
85.099998,1.294420,0.126879,1.705580,-0.126879,0.032197
85.199998,1.293785,0.126005,1.706215,-0.126005,0.031754
85.299998,1.293148,0.125137,1.706852,-0.125137,0.031318
85.399998,1.292509,0.124275,1.707491,-0.124275,0.030889
85.499998,1.291869,0.123421,1.708131,-0.123421,0.030465
85.599998,1.291227,0.122572,1.708773,-0.122572,0.030048
85.699998,1.290583,0.121730,1.709417,-0.121730,0.029637
85.799998,1.289938,0.120895,1.710062,-0.120895,0.029231
85.899998,1.289290,0.120066,1.710710,-0.120066,0.028832
85.999998,1.288641,0.119243,1.711359,-0.119243,0.028438
86.099998,1.287991,0.118427,1.712009,-0.118427,0.028050
86.199998,1.287338,0.117616,1.712662,-0.117616,0.027667
86.299998,1.286684,0.116812,1.713316,-0.116812,0.027290
86.399998,1.286028,0.116014,1.713972,-0.116014,0.026919
86.499998,1.285370,0.115223,1.714630,-0.115223,0.026552
86.599998,1.284711,0.114437,1.715289,-0.114437,0.026192
86.699998,1.284050,0.113657,1.715950,-0.113657,0.025836
86.799998,1.283387,0.112883,1.716613,-0.112883,0.025485
86.899998,1.282723,0.112115,1.717277,-0.112115,0.025140
86.999998,1.282057,0.111353,1.717943,-0.111353,0.024799
87.099998,1.281389,0.110597,1.718611,-0.110597,0.024463
87.199998,1.280719,0.109846,1.719281,-0.109846,0.024132
87.299998,1.280048,0.109102,1.719952,-0.109102,0.023806
87.399998,1.279375,0.108363,1.720625,-0.108363,0.023485
87.499998,1.278701,0.107629,1.721299,-0.107629,0.023168
87.599998,1.278025,0.106901,1.721975,-0.106901,0.022856
87.699998,1.277347,0.106179,1.722653,-0.106179,0.022548
87.799998,1.276667,0.105463,1.723333,-0.105463,0.022245
87.899998,1.275986,0.104751,1.724014,-0.104751,0.021946
87.999998,1.275303,0.104046,1.724697,-0.104046,0.021651
88.099998,1.274619,0.103345,1.725381,-0.103345,0.021361
88.199998,1.273932,0.102651,1.726068,-0.102651,0.021074
88.299998,1.273245,0.101961,1.726755,-0.101961,0.020792
88.399998,1.272555,0.101277,1.727445,-0.101277,0.020514
88.499998,1.271864,0.100598,1.728136,-0.100598,0.020240
88.599998,1.271171,0.099924,1.728829,-0.099924,0.019970
88.699998,1.270477,0.099255,1.729523,-0.099255,0.019703
88.799998,1.269781,0.098592,1.730219,-0.098592,0.019441
88.899998,1.269084,0.097933,1.730916,-0.097933,0.019182
88.999998,1.268385,0.097280,1.731615,-0.097280,0.018927
89.099998,1.267684,0.096631,1.732316,-0.096631,0.018675
89.199998,1.266982,0.095988,1.733018,-0.095988,0.018427
89.299998,1.266278,0.095350,1.733722,-0.095350,0.018183
89.399998,1.265572,0.094716,1.734428,-0.094716,0.017942
89.499998,1.264865,0.094088,1.735135,-0.094088,0.017705
89.599998,1.264156,0.093464,1.735844,-0.093464,0.017471
89.699998,1.263446,0.092845,1.736554,-0.092845,0.017240
89.799998,1.262734,0.092230,1.737266,-0.092230,0.017013
89.899998,1.262021,0.091621,1.737979,-0.091621,0.016789
89.999998,1.261306,0.091016,1.738694,-0.091016,0.016568
90.099998,1.260590,0.090416,1.739410,-0.090416,0.016350
90.199998,1.259872,0.089820,1.740128,-0.089820,0.016135
90.299998,1.259152,0.089229,1.740848,-0.089229,0.015924
90.399998,1.258431,0.088643,1.741569,-0.088643,0.015715
90.499998,1.257709,0.088061,1.742291,-0.088061,0.015510
90.599998,1.256985,0.087484,1.743015,-0.087484,0.015307
90.699998,1.256259,0.086911,1.743741,-0.086911,0.015107
90.799998,1.255532,0.086342,1.744468,-0.086342,0.014910
90.899998,1.254803,0.085778,1.745197,-0.085778,0.014716
90.999998,1.254073,0.085218,1.745927,-0.085218,0.014524
91.099998,1.253342,0.084663,1.746658,-0.084663,0.014336
91.199998,1.252609,0.084112,1.747391,-0.084112,0.014149
91.299998,1.251874,0.083565,1.748126,-0.083565,0.013966
91.399998,1.251139,0.083022,1.748861,-0.083022,0.013785
91.499998,1.250401,0.082483,1.749599,-0.082483,0.013607
91.599998,1.249662,0.081949,1.750338,-0.081949,0.013431
91.699998,1.248922,0.081419,1.751078,-0.081419,0.013258
91.799998,1.248181,0.080892,1.751819,-0.080892,0.013087
91.899998,1.247437,0.080370,1.752563,-0.080370,0.012919
91.999998,1.246693,0.079852,1.753307,-0.079852,0.012753
92.099998,1.245947,0.079338,1.754053,-0.079338,0.012589
92.199998,1.245200,0.078828,1.754800,-0.078828,0.012428
92.299998,1.244451,0.078322,1.755549,-0.078322,0.012269
92.399998,1.243701,0.077819,1.756299,-0.077819,0.012112
92.499998,1.242949,0.077321,1.757051,-0.077321,0.011957
92.599998,1.242197,0.076826,1.757803,-0.076826,0.011805
92.699998,1.241442,0.076335,1.758558,-0.076335,0.011654
92.799998,1.240687,0.075848,1.759313,-0.075848,0.011506
92.899998,1.239930,0.075365,1.760070,-0.075365,0.011360
92.999998,1.239172,0.074886,1.760828,-0.074886,0.011216
93.099998,1.238412,0.074410,1.761588,-0.074410,0.011074
93.199998,1.237651,0.073938,1.762349,-0.073938,0.010934
93.299998,1.236889,0.073469,1.763111,-0.073469,0.010795
93.399998,1.236126,0.073004,1.763874,-0.073004,0.010659
93.499998,1.235361,0.072543,1.764639,-0.072543,0.010525
93.599998,1.234595,0.072085,1.765405,-0.072085,0.010393
93.699998,1.233827,0.071631,1.766173,-0.071631,0.010262
93.799998,1.233059,0.071180,1.766941,-0.071180,0.010133
93.899998,1.232289,0.070733,1.767711,-0.070733,0.010006
93.999998,1.231518,0.070289,1.768482,-0.070289,0.009881
94.099998,1.230745,0.069849,1.769255,-0.069849,0.009758
94.199998,1.229972,0.069412,1.770028,-0.069412,0.009636
94.299998,1.229197,0.068978,1.770803,-0.068978,0.009516
94.399998,1.228421,0.068548,1.771579,-0.068548,0.009398
94.499998,1.227643,0.068121,1.772357,-0.068121,0.009281
94.599998,1.226865,0.067698,1.773135,-0.067698,0.009166
94.699998,1.226085,0.067277,1.773915,-0.067277,0.009052
94.799998,1.225304,0.066860,1.774696,-0.066860,0.008941
94.899998,1.224522,0.066446,1.775478,-0.066446,0.008830
94.999998,1.223739,0.066035,1.776261,-0.066035,0.008721
95.099998,1.222955,0.065628,1.777045,-0.065628,0.008614
95.199998,1.222169,0.065223,1.777831,-0.065223,0.008508
95.299998,1.221383,0.064822,1.778617,-0.064822,0.008404
95.399998,1.220595,0.064424,1.779405,-0.064424,0.008301
95.499998,1.219806,0.064029,1.780194,-0.064029,0.008199
95.599998,1.219016,0.063637,1.780984,-0.063637,0.008099
95.699998,1.218225,0.063248,1.781775,-0.063248,0.008001
95.799998,1.217433,0.062861,1.782567,-0.062861,0.007903
95.899998,1.216639,0.062478,1.783361,-0.062478,0.007807
95.999998,1.215845,0.062098,1.784155,-0.062098,0.007712
96.099998,1.215050,0.061721,1.784950,-0.061721,0.007619
96.199998,1.214253,0.061347,1.785747,-0.061347,0.007527
96.299998,1.213456,0.060975,1.786544,-0.060975,0.007436
96.399998,1.212657,0.060606,1.787343,-0.060606,0.007346
96.499998,1.211858,0.060241,1.788142,-0.060241,0.007258
96.599998,1.211057,0.059878,1.788943,-0.059878,0.007171
96.699998,1.210256,0.059518,1.789744,-0.059518,0.007085
96.799998,1.209453,0.059160,1.790547,-0.059160,0.007000
96.899998,1.208650,0.058805,1.791350,-0.058805,0.006916
96.999998,1.207845,0.058454,1.792155,-0.058454,0.006834
97.099998,1.207040,0.058104,1.792960,-0.058104,0.006752
97.199998,1.206233,0.057758,1.793767,-0.057758,0.006672
97.299998,1.205426,0.057414,1.794574,-0.057414,0.006593
97.399998,1.204618,0.057073,1.795382,-0.057073,0.006515
97.499998,1.203809,0.056734,1.796191,-0.056734,0.006437
97.599998,1.202999,0.056398,1.797001,-0.056398,0.006361
97.699998,1.202188,0.056064,1.797812,-0.056064,0.006286
97.799998,1.201376,0.055733,1.798624,-0.055733,0.006212
97.899998,1.200563,0.055405,1.799437,-0.055405,0.006139
97.999998,1.199750,0.055079,1.800250,-0.055079,0.006067
98.099998,1.198935,0.054756,1.801065,-0.054756,0.005996
98.199998,1.198120,0.054435,1.801880,-0.054435,0.005926
98.299998,1.197304,0.054116,1.802696,-0.054116,0.005857
98.399998,1.196487,0.053800,1.803513,-0.053800,0.005789
98.499998,1.195669,0.053487,1.804331,-0.053487,0.005722
98.599998,1.194851,0.053176,1.805149,-0.053176,0.005655
98.699998,1.194031,0.052867,1.805969,-0.052867,0.005590
98.799998,1.193211,0.052560,1.806789,-0.052560,0.005525
98.899998,1.192390,0.052256,1.807610,-0.052256,0.005461
98.999998,1.191569,0.051955,1.808431,-0.051955,0.005399
99.099998,1.190746,0.051655,1.809254,-0.051655,0.005336
99.199998,1.189923,0.051358,1.810077,-0.051358,0.005275
99.299998,1.189100,0.051063,1.810900,-0.051063,0.005215
99.399998,1.188275,0.050770,1.811725,-0.050770,0.005155
99.499998,1.187450,0.050480,1.812550,-0.050480,0.005096
99.599998,1.186624,0.050191,1.813376,-0.050191,0.005038
99.699998,1.185797,0.049905,1.814203,-0.049905,0.004981
99.799998,1.184970,0.049622,1.815030,-0.049622,0.004925
99.899998,1.184142,0.049340,1.815858,-0.049340,0.004869
99.999998,1.183313,0.049060,1.816687,-0.049060,0.004814
